order_id,date,month,quarter,product,category,unit_price,quantity,discount_pct,revenue,city,customer_gender,payment_method
ORD0001,2023-04-25,April,Q2,Smartphone,Electronics,12825.35,3,5,36552.25,Bangalore,Male,Net Banking
ORD0002,2023-02-17,February,Q1,Smartphone,Electronics,31486.25,1,0,31486.25,Hyderabad,Male,Net Banking
ORD0003,2023-08-03,August,Q3,Coffee Beans,Grocery,429.19,2,20,686.7,Hyderabad,Female,Net Banking
ORD0004,2023-12-24,December,Q4,Bookshelf,Furniture,5142.44,1,5,4885.32,Pune,Female,UPI
ORD0005,2023-02-17,February,Q1,Headphones,Electronics,1704.32,3,0,5112.96,Pune,Male,UPI
ORD0006,2023-10-02,October,Q4,T-Shirt,Clothing,842.96,1,15,716.52,Delhi,Female,Credit Card
ORD0007,2023-10-23,October,Q4,Rice 5kg,Grocery,352.61,5,10,1586.75,Hyderabad,Male,Credit Card
ORD0008,2023-02-21,February,Q1,Desk Chair,Furniture,9957.62,1,5,9459.74,Pune,Female,Cash
ORD0009,2023-12-10,December,Q4,T-Shirt,Clothing,445.55,3,5,1269.82,Chennai,Male,Net Banking
ORD0010,2023-08-25,August,Q3,Headphones,Electronics,3043.39,2,5,5782.44,Pune,Female,Net Banking
ORD0011,2023-01-17,January,Q1,Desk Chair,Furniture,9161.53,1,5,8703.45,Kolkata,Female,UPI
ORD0012,2023-04-19,April,Q2,Smartphone,Electronics,18962.43,5,10,85330.93,Ahmedabad,Female,Cash
ORD0013,2023-10-03,October,Q4,Headphones,Electronics,1912.5,2,20,3060.0,Chennai,Female,Net Banking
ORD0014,2023-09-10,September,Q3,Jeans,Clothing,1595.75,2,20,2553.2,Delhi,Male,Credit Card
ORD0015,2023-02-02,February,Q1,Headphones,Electronics,3435.27,4,20,10992.86,Pune,Female,Net Banking
ORD0016,2023-12-15,December,Q4,Running Shoes,Clothing,3881.01,5,0,19405.05,Delhi,Female,UPI
ORD0017,2023-01-02,January,Q1,Smartphone,Electronics,21685.5,2,15,36865.35,Chennai,Male,Net Banking
ORD0018,2023-11-08,November,Q4,Smartphone,Electronics,40727.11,3,20,97745.06,Hyderabad,Male,UPI
ORD0019,2023-11-03,November,Q4,Headphones,Electronics,3065.39,5,0,15326.95,Kolkata,Female,Credit Card
ORD0020,2023-01-30,January,Q1,Smartphone,Electronics,42660.25,3,5,121581.71,Hyderabad,Male,Credit Card
ORD0021,2023-03-07,March,Q1,Running Shoes,Clothing,5172.1,5,5,24567.47,Ahmedabad,Male,UPI
ORD0022,2023-10-04,October,Q4,Rice 5kg,Grocery,555.35,4,5,2110.33,Hyderabad,Female,Cash
ORD0023,2023-03-03,March,Q1,T-Shirt,Clothing,693.73,5,15,2948.35,Hyderabad,Male,Credit Card
ORD0024,2023-10-29,October,Q4,T-Shirt,Clothing,317.95,5,5,1510.26,Hyderabad,Male,Credit Card
ORD0025,2023-02-06,February,Q1,Laptop,Electronics,53012.96,1,10,47711.66,Jaipur,Male,UPI
ORD0026,2023-10-23,October,Q4,Running Shoes,Clothing,2464.07,2,20,3942.51,Ahmedabad,Male,Cash
ORD0027,2023-07-01,July,Q3,Jeans,Clothing,1218.09,1,15,1035.38,Pune,Female,Cash
ORD0028,2023-07-26,July,Q3,Laptop,Electronics,68567.76,1,0,68567.76,Kolkata,Male,Debit Card
ORD0029,2023-08-05,August,Q3,Desk Chair,Furniture,4711.88,4,5,17905.14,Bangalore,Female,Cash
ORD0030,2023-10-09,October,Q4,Desk Chair,Furniture,10870.37,1,15,9239.81,Delhi,Male,Net Banking
ORD0031,2023-07-28,July,Q3,Laptop,Electronics,78914.87,2,5,149938.25,Ahmedabad,Female,Debit Card
ORD0032,2023-01-02,January,Q1,Jeans,Clothing,2785.28,2,15,4734.98,Pune,Female,Cash
ORD0033,2023-03-21,March,Q1,Bookshelf,Furniture,3403.53,5,15,14465.0,Hyderabad,Female,Debit Card
ORD0034,2023-06-10,June,Q2,Laptop,Electronics,65271.31,5,0,326356.55,Mumbai,Male,Net Banking
ORD0035,2023-01-30,January,Q1,Running Shoes,Clothing,3762.83,5,5,17873.44,Jaipur,Male,Debit Card
ORD0036,2023-03-03,March,Q1,Smartphone,Electronics,31636.16,2,15,53781.47,Lucknow,Male,Net Banking
ORD0037,2023-12-03,December,Q4,Coffee Beans,Grocery,443.72,1,15,377.16,Lucknow,Female,UPI
ORD0038,2023-05-16,May,Q2,Desk Chair,Furniture,9027.53,3,5,25728.46,Pune,Male,UPI
ORD0039,2023-08-23,August,Q3,Running Shoes,Clothing,2922.8,1,0,2922.8,Lucknow,Male,Credit Card
ORD0040,2023-06-28,June,Q2,Rice 5kg,Grocery,324.6,3,5,925.11,Delhi,Male,UPI
ORD0041,2023-11-10,November,Q4,Bookshelf,Furniture,2209.86,5,10,9944.37,Jaipur,Male,Net Banking
ORD0042,2023-05-16,May,Q2,Bookshelf,Furniture,5692.9,1,5,5408.25,Delhi,Male,Net Banking
ORD0043,2023-06-25,June,Q2,Headphones,Electronics,1943.86,5,5,9233.33,Hyderabad,Female,Net Banking
ORD0044,2023-11-21,November,Q4,Running Shoes,Clothing,2630.05,1,0,2630.05,Pune,Female,Credit Card
ORD0045,2023-03-24,March,Q1,Laptop,Electronics,56674.48,2,10,102014.06,Ahmedabad,Female,Net Banking
ORD0046,2023-01-19,January,Q1,Laptop,Electronics,48915.59,2,20,78264.94,Kolkata,Male,Cash
ORD0047,2023-07-03,July,Q3,Headphones,Electronics,975.68,3,0,2927.04,Hyderabad,Male,Credit Card
ORD0048,2023-03-21,March,Q1,T-Shirt,Clothing,1001.88,4,20,3206.02,Hyderabad,Male,Debit Card
ORD0049,2023-12-09,December,Q4,Jeans,Clothing,853.55,3,15,2176.55,Hyderabad,Female,Debit Card
ORD0050,2023-04-24,April,Q2,Smartphone,Electronics,24623.88,1,15,20930.3,Hyderabad,Female,UPI
ORD0051,2023-01-13,January,Q1,Bookshelf,Furniture,5192.41,2,5,9865.58,Hyderabad,Female,UPI
ORD0052,2023-11-25,November,Q4,Bookshelf,Furniture,5389.59,3,10,14551.89,Jaipur,Female,Net Banking
ORD0053,2023-04-02,April,Q2,T-Shirt,Clothing,1145.25,1,10,1030.73,Lucknow,Female,Credit Card
ORD0054,2023-08-12,August,Q3,Smartphone,Electronics,31686.85,3,10,85554.49,Lucknow,Male,Cash
ORD0055,2023-01-01,January,Q1,Coffee Beans,Grocery,609.09,1,15,517.73,Jaipur,Male,UPI
ORD0056,2023-06-10,June,Q2,Jeans,Clothing,953.01,3,20,2287.22,Delhi,Female,Net Banking
ORD0057,2023-12-23,December,Q4,Bookshelf,Furniture,4501.02,3,15,11477.6,Chennai,Male,Debit Card
ORD0058,2023-11-12,November,Q4,Jeans,Clothing,2262.51,4,5,8597.54,Lucknow,Female,Cash
ORD0059,2023-04-18,April,Q2,Rice 5kg,Grocery,541.8,3,10,1462.86,Pune,Female,Cash
ORD0060,2023-08-31,August,Q3,Running Shoes,Clothing,3489.72,2,20,5583.55,Bangalore,Male,UPI
ORD0061,2023-02-17,February,Q1,Rice 5kg,Grocery,482.35,5,10,2170.58,Hyderabad,Female,Debit Card
ORD0062,2023-09-01,September,Q3,Desk Chair,Furniture,4326.19,1,5,4109.88,Lucknow,Male,Cash
ORD0063,2023-12-23,December,Q4,Jeans,Clothing,2749.39,5,5,13059.6,Pune,Female,Cash
ORD0064,2023-08-06,August,Q3,Desk Chair,Furniture,4328.14,1,0,4328.14,Hyderabad,Male,Net Banking
ORD0065,2023-08-22,August,Q3,Running Shoes,Clothing,1725.98,2,0,3451.96,Bangalore,Female,Net Banking
ORD0066,2023-09-16,September,Q3,Rice 5kg,Grocery,458.41,4,20,1466.91,Pune,Female,Debit Card
ORD0067,2023-09-24,September,Q3,Running Shoes,Clothing,3525.31,2,10,6345.56,Ahmedabad,Male,UPI
ORD0068,2023-05-20,May,Q2,Running Shoes,Clothing,1848.68,3,5,5268.74,Kolkata,Female,Net Banking
ORD0069,2023-12-22,December,Q4,Smartphone,Electronics,16566.34,2,15,28162.78,Bangalore,Male,Credit Card
ORD0070,2023-08-01,August,Q3,Jeans,Clothing,1696.13,5,15,7208.55,Mumbai,Male,Cash
ORD0071,2023-10-22,October,Q4,Jeans,Clothing,2790.55,5,0,13952.75,Pune,Female,Credit Card
ORD0072,2023-10-03,October,Q4,T-Shirt,Clothing,568.05,4,15,1931.37,Jaipur,Male,Cash
ORD0073,2023-07-19,July,Q3,Desk Chair,Furniture,5456.42,4,0,21825.68,Kolkata,Female,Debit Card
ORD0074,2023-01-14,January,Q1,Running Shoes,Clothing,5637.94,5,20,22551.76,Pune,Male,Credit Card
ORD0075,2023-01-26,January,Q1,Jeans,Clothing,1097.67,4,5,4171.15,Chennai,Female,UPI
ORD0076,2023-05-23,May,Q2,Desk Chair,Furniture,7092.29,3,15,18085.34,Pune,Female,Credit Card
ORD0077,2023-06-29,June,Q2,Running Shoes,Clothing,1587.22,5,0,7936.1,Hyderabad,Male,Credit Card
ORD0078,2023-11-15,November,Q4,Laptop,Electronics,78236.41,2,0,156472.82,Bangalore,Male,Debit Card
ORD0079,2023-08-27,August,Q3,Running Shoes,Clothing,4512.56,5,5,21434.66,Chennai,Female,Debit Card
ORD0080,2023-06-09,June,Q2,Coffee Beans,Grocery,1067.97,1,5,1014.57,Delhi,Male,UPI
ORD0081,2023-04-12,April,Q2,Coffee Beans,Grocery,1145.08,4,15,3893.27,Delhi,Male,Credit Card
ORD0082,2023-10-17,October,Q4,Bookshelf,Furniture,5326.32,5,0,26631.6,Mumbai,Female,Net Banking
ORD0083,2023-11-28,November,Q4,Jeans,Clothing,2255.01,1,20,1804.01,Kolkata,Male,Cash
ORD0084,2023-12-29,December,Q4,Running Shoes,Clothing,1974.92,3,15,5036.05,Bangalore,Female,Debit Card
ORD0085,2023-10-03,October,Q4,Rice 5kg,Grocery,587.92,3,20,1411.01,Ahmedabad,Female,Cash
ORD0086,2023-05-23,May,Q2,Coffee Beans,Grocery,695.24,2,0,1390.48,Ahmedabad,Male,Cash
ORD0087,2023-01-15,January,Q1,Coffee Beans,Grocery,1071.36,4,10,3856.9,Ahmedabad,Female,Debit Card
ORD0088,2023-05-24,May,Q2,Running Shoes,Clothing,2454.54,3,10,6627.26,Lucknow,Female,Net Banking
ORD0089,2023-05-04,May,Q2,Laptop,Electronics,63081.95,2,0,126163.9,Pune,Female,Net Banking
ORD0090,2023-01-09,January,Q1,Desk Chair,Furniture,9215.48,4,15,31332.63,Delhi,Female,Debit Card
ORD0091,2023-07-08,July,Q3,Jeans,Clothing,2321.62,3,20,5571.89,Ahmedabad,Female,Cash
ORD0092,2023-06-06,June,Q2,Rice 5kg,Grocery,365.78,4,10,1316.81,Chennai,Male,Credit Card
ORD0093,2023-04-09,April,Q2,Desk Chair,Furniture,5839.93,5,5,27739.67,Hyderabad,Female,UPI
ORD0094,2023-05-25,May,Q2,Coffee Beans,Grocery,1474.27,5,20,5897.08,Delhi,Male,UPI
ORD0095,2023-12-29,December,Q4,Desk Chair,Furniture,6247.93,3,0,18743.79,Jaipur,Male,UPI
ORD0096,2023-12-24,December,Q4,Laptop,Electronics,79100.32,5,10,355951.44,Bangalore,Female,Credit Card
ORD0097,2023-08-14,August,Q3,Laptop,Electronics,65092.25,4,15,221313.65,Kolkata,Male,Credit Card
ORD0098,2023-02-03,February,Q1,Bookshelf,Furniture,5734.79,4,0,22939.16,Pune,Female,Credit Card
ORD0099,2023-03-18,March,Q1,Coffee Beans,Grocery,1092.39,1,5,1037.77,Lucknow,Female,Credit Card
ORD0100,2023-11-02,November,Q4,Desk Chair,Furniture,4066.06,4,20,13011.39,Lucknow,Male,Net Banking
ORD0101,2023-10-29,October,Q4,Jeans,Clothing,1790.58,4,10,6446.09,Pune,Female,Net Banking
ORD0102,2023-11-17,November,Q4,Coffee Beans,Grocery,466.25,1,5,442.94,Hyderabad,Female,Credit Card
ORD0103,2023-03-22,March,Q1,Headphones,Electronics,1807.43,5,0,9037.15,Mumbai,Female,Cash
ORD0104,2023-05-28,May,Q2,Coffee Beans,Grocery,916.9,1,5,871.05,Chennai,Female,Credit Card
ORD0105,2023-08-06,August,Q3,Desk Chair,Furniture,11315.2,5,5,53747.2,Delhi,Male,Debit Card
ORD0106,2023-03-26,March,Q1,Bookshelf,Furniture,5219.84,1,0,5219.84,Chennai,Female,Cash
ORD0107,2023-05-20,May,Q2,Smartphone,Electronics,27467.03,3,15,70040.93,Jaipur,Female,Cash
ORD0108,2023-11-06,November,Q4,Smartphone,Electronics,31735.21,4,10,114246.76,Chennai,Male,Credit Card
ORD0109,2023-01-11,January,Q1,Desk Chair,Furniture,11657.2,5,20,46628.8,Chennai,Male,Debit Card
ORD0110,2023-04-03,April,Q2,Running Shoes,Clothing,3835.34,4,10,13807.22,Lucknow,Female,Cash
ORD0111,2023-06-14,June,Q2,Smartphone,Electronics,27510.34,4,10,99037.22,Delhi,Male,UPI
ORD0112,2023-10-09,October,Q4,Jeans,Clothing,2325.78,3,15,5930.74,Mumbai,Female,Credit Card
ORD0113,2023-09-21,September,Q3,T-Shirt,Clothing,526.41,1,15,447.45,Mumbai,Female,Cash
ORD0114,2023-09-13,September,Q3,Laptop,Electronics,51565.39,3,20,123756.94,Ahmedabad,Male,Debit Card
ORD0115,2023-12-24,December,Q4,Bookshelf,Furniture,3971.49,3,15,10127.3,Ahmedabad,Male,Credit Card
ORD0116,2023-10-10,October,Q4,Coffee Beans,Grocery,1279.25,2,10,2302.65,Mumbai,Female,Credit Card
ORD0117,2023-03-02,March,Q1,Desk Chair,Furniture,11930.31,1,15,10140.76,Bangalore,Female,UPI
ORD0118,2023-08-30,August,Q3,Rice 5kg,Grocery,496.89,4,15,1689.43,Hyderabad,Female,Net Banking
ORD0119,2023-03-11,March,Q1,Headphones,Electronics,2411.06,5,20,9644.24,Delhi,Female,Cash
ORD0120,2023-01-02,January,Q1,T-Shirt,Clothing,1140.76,5,10,5133.42,Chennai,Female,Net Banking
ORD0121,2023-08-17,August,Q3,Coffee Beans,Grocery,1498.79,4,5,5695.4,Jaipur,Female,UPI
ORD0122,2023-08-22,August,Q3,T-Shirt,Clothing,796.28,5,15,3384.19,Kolkata,Male,Debit Card
ORD0123,2023-06-12,June,Q2,Coffee Beans,Grocery,821.27,4,0,3285.08,Ahmedabad,Female,Cash
ORD0124,2023-09-15,September,Q3,Headphones,Electronics,2880.38,1,5,2736.36,Lucknow,Female,Credit Card
ORD0125,2023-03-15,March,Q1,Running Shoes,Clothing,1948.7,4,0,7794.8,Pune,Male,Credit Card
ORD0126,2023-11-16,November,Q4,Running Shoes,Clothing,5016.86,3,10,13545.52,Pune,Male,UPI
ORD0127,2023-10-05,October,Q4,Rice 5kg,Grocery,383.0,3,15,976.65,Mumbai,Male,Debit Card
ORD0128,2023-02-20,February,Q1,Bookshelf,Furniture,5988.42,1,15,5090.16,Delhi,Female,Debit Card
ORD0129,2023-01-29,January,Q1,Bookshelf,Furniture,5565.41,1,10,5008.87,Chennai,Female,UPI
ORD0130,2023-10-17,October,Q4,Jeans,Clothing,1119.4,5,15,4757.45,Bangalore,Male,Debit Card
ORD0131,2023-12-16,December,Q4,Smartphone,Electronics,32113.23,4,20,102762.34,Hyderabad,Female,Net Banking
ORD0132,2023-05-11,May,Q2,Headphones,Electronics,1775.19,3,15,4526.73,Mumbai,Female,UPI
ORD0133,2023-10-28,October,Q4,Rice 5kg,Grocery,305.29,4,10,1099.04,Chennai,Female,UPI
ORD0134,2023-09-05,September,Q3,Running Shoes,Clothing,5303.87,2,15,9016.58,Delhi,Male,Cash
ORD0135,2023-01-12,January,Q1,Coffee Beans,Grocery,794.86,3,10,2146.12,Pune,Female,Credit Card
ORD0136,2023-09-12,September,Q3,Coffee Beans,Grocery,1351.57,1,20,1081.26,Chennai,Male,Net Banking
ORD0137,2023-05-09,May,Q2,T-Shirt,Clothing,496.32,2,20,794.11,Bangalore,Male,Credit Card
ORD0138,2023-07-06,July,Q3,Bookshelf,Furniture,5048.75,1,20,4039.0,Bangalore,Male,UPI
ORD0139,2023-03-09,March,Q1,T-Shirt,Clothing,972.48,2,5,1847.71,Jaipur,Female,Net Banking
ORD0140,2023-09-04,September,Q3,Rice 5kg,Grocery,569.72,2,10,1025.5,Chennai,Female,Credit Card
ORD0141,2023-12-13,December,Q4,Running Shoes,Clothing,5833.02,2,5,11082.74,Pune,Female,Credit Card
ORD0142,2023-08-21,August,Q3,Jeans,Clothing,829.63,5,0,4148.15,Kolkata,Female,Net Banking
ORD0143,2023-12-12,December,Q4,Jeans,Clothing,2609.14,3,0,7827.42,Hyderabad,Female,Credit Card
ORD0144,2023-11-09,November,Q4,Coffee Beans,Grocery,1372.66,5,10,6176.97,Hyderabad,Male,Cash
ORD0145,2023-01-24,January,Q1,Bookshelf,Furniture,4421.58,1,5,4200.5,Mumbai,Female,Cash
ORD0146,2023-07-18,July,Q3,Smartphone,Electronics,15207.34,5,5,72234.86,Ahmedabad,Female,Net Banking
ORD0147,2023-12-02,December,Q4,Jeans,Clothing,2091.74,2,15,3555.96,Delhi,Female,Net Banking
ORD0148,2023-12-20,December,Q4,Jeans,Clothing,2865.86,3,0,8597.58,Kolkata,Male,Cash
ORD0149,2023-12-18,December,Q4,Running Shoes,Clothing,5777.5,3,0,17332.5,Kolkata,Female,Credit Card
ORD0150,2023-02-16,February,Q1,Jeans,Clothing,1406.22,1,15,1195.29,Hyderabad,Male,Credit Card
ORD0151,2023-04-16,April,Q2,T-Shirt,Clothing,518.46,2,20,829.54,Delhi,Male,Net Banking
ORD0152,2023-03-17,March,Q1,Desk Chair,Furniture,10317.48,2,10,18571.46,Lucknow,Male,UPI
ORD0153,2023-03-31,March,Q1,Headphones,Electronics,4947.61,5,10,22264.24,Delhi,Male,Debit Card
ORD0154,2023-06-15,June,Q2,Laptop,Electronics,57538.48,2,20,92061.57,Mumbai,Male,UPI
ORD0155,2023-02-28,February,Q1,Laptop,Electronics,49436.55,4,20,158196.96,Delhi,Female,Cash
ORD0156,2023-09-15,September,Q3,T-Shirt,Clothing,761.43,1,15,647.22,Hyderabad,Male,Net Banking
ORD0157,2023-09-03,September,Q3,Bookshelf,Furniture,3561.19,1,0,3561.19,Pune,Female,Credit Card
ORD0158,2023-02-11,February,Q1,Running Shoes,Clothing,4705.81,4,0,18823.24,Kolkata,Male,Credit Card
ORD0159,2023-12-31,December,Q4,Headphones,Electronics,1955.07,5,20,7820.28,Kolkata,Female,Net Banking
ORD0160,2023-08-09,August,Q3,Rice 5kg,Grocery,353.21,5,20,1412.84,Delhi,Male,Net Banking
ORD0161,2023-06-23,June,Q2,Desk Chair,Furniture,6870.63,2,15,11680.07,Ahmedabad,Female,Cash
ORD0162,2023-07-11,July,Q3,Smartphone,Electronics,22314.1,3,10,60248.07,Bangalore,Female,Credit Card
ORD0163,2023-02-19,February,Q1,Smartphone,Electronics,39448.47,1,15,33531.2,Kolkata,Male,Net Banking
ORD0164,2023-06-18,June,Q2,Laptop,Electronics,65526.28,5,20,262105.12,Delhi,Female,UPI
ORD0165,2023-11-04,November,Q4,Jeans,Clothing,2709.67,1,10,2438.7,Chennai,Female,Credit Card
ORD0166,2023-04-25,April,Q2,Coffee Beans,Grocery,958.15,2,15,1628.86,Delhi,Female,Net Banking
ORD0167,2023-04-26,April,Q2,T-Shirt,Clothing,402.51,3,20,966.02,Pune,Male,Net Banking
ORD0168,2023-06-23,June,Q2,Bookshelf,Furniture,1630.29,3,10,4401.78,Kolkata,Male,Debit Card
ORD0169,2023-03-14,March,Q1,Headphones,Electronics,3178.55,4,0,12714.2,Mumbai,Male,Net Banking
ORD0170,2023-03-22,March,Q1,Desk Chair,Furniture,6385.75,4,10,22988.7,Kolkata,Female,UPI
ORD0171,2023-03-22,March,Q1,Coffee Beans,Grocery,1055.85,1,5,1003.06,Lucknow,Male,Credit Card
ORD0172,2023-11-07,November,Q4,Bookshelf,Furniture,3494.01,4,15,11879.63,Ahmedabad,Female,UPI
ORD0173,2023-08-09,August,Q3,Desk Chair,Furniture,9794.49,1,10,8815.04,Delhi,Female,Net Banking
ORD0174,2023-04-23,April,Q2,Running Shoes,Clothing,3871.2,3,0,11613.6,Pune,Male,Credit Card
ORD0175,2023-05-11,May,Q2,Desk Chair,Furniture,5712.77,2,5,10854.26,Chennai,Female,Credit Card
ORD0176,2023-03-08,March,Q1,Laptop,Electronics,62408.49,4,5,237152.26,Pune,Male,Net Banking
ORD0177,2023-07-23,July,Q3,Rice 5kg,Grocery,541.67,3,0,1625.01,Mumbai,Female,Credit Card
ORD0178,2023-08-08,August,Q3,Running Shoes,Clothing,5645.23,3,20,13548.55,Lucknow,Female,Cash
ORD0179,2023-03-29,March,Q1,Bookshelf,Furniture,2018.28,1,10,1816.45,Lucknow,Female,UPI
ORD0180,2023-08-12,August,Q3,Smartphone,Electronics,26411.49,1,5,25090.92,Lucknow,Female,Net Banking
ORD0181,2023-04-24,April,Q2,Smartphone,Electronics,25060.3,3,10,67662.81,Kolkata,Male,Credit Card
ORD0182,2023-04-10,April,Q2,Rice 5kg,Grocery,471.63,5,20,1886.52,Kolkata,Female,Debit Card
ORD0183,2023-03-30,March,Q1,Desk Chair,Furniture,3925.24,3,5,11186.93,Lucknow,Male,Credit Card
ORD0184,2023-10-16,October,Q4,Headphones,Electronics,4795.43,4,15,16304.46,Lucknow,Female,Net Banking
ORD0185,2023-08-14,August,Q3,Coffee Beans,Grocery,755.53,3,5,2153.26,Delhi,Female,Cash
ORD0186,2023-06-30,June,Q2,Bookshelf,Furniture,5083.48,5,0,25417.4,Jaipur,Male,UPI
ORD0187,2023-05-27,May,Q2,Running Shoes,Clothing,3533.61,1,10,3180.25,Delhi,Male,Net Banking
ORD0188,2023-10-11,October,Q4,Coffee Beans,Grocery,957.77,4,20,3064.86,Mumbai,Female,Net Banking
ORD0189,2023-03-19,March,Q1,Desk Chair,Furniture,5893.74,4,20,18859.97,Mumbai,Female,Credit Card
ORD0190,2023-11-27,November,Q4,T-Shirt,Clothing,1184.13,1,20,947.3,Bangalore,Male,Debit Card
ORD0191,2023-11-09,November,Q4,Running Shoes,Clothing,5959.44,5,20,23837.76,Bangalore,Female,UPI
ORD0192,2023-01-27,January,Q1,Bookshelf,Furniture,3243.37,3,20,7784.09,Kolkata,Male,UPI
ORD0193,2023-05-10,May,Q2,Smartphone,Electronics,30412.79,4,10,109486.04,Lucknow,Male,UPI
ORD0194,2023-06-08,June,Q2,Smartphone,Electronics,31230.4,2,10,56214.72,Pune,Male,Net Banking
ORD0195,2023-03-07,March,Q1,Smartphone,Electronics,22216.2,4,10,79978.32,Jaipur,Male,Cash
ORD0196,2023-04-03,April,Q2,Rice 5kg,Grocery,376.64,3,10,1016.93,Hyderabad,Female,Cash
ORD0197,2023-02-09,February,Q1,Desk Chair,Furniture,5038.89,2,5,9573.89,Chennai,Male,Net Banking
ORD0198,2023-12-05,December,Q4,Rice 5kg,Grocery,542.29,5,0,2711.45,Kolkata,Male,Net Banking
ORD0199,2023-03-26,March,Q1,Jeans,Clothing,1138.51,2,20,1821.62,Ahmedabad,Male,Cash
ORD0200,2023-11-09,November,Q4,T-Shirt,Clothing,908.4,2,15,1544.28,Chennai,Female,Debit Card
ORD0201,2023-07-08,July,Q3,Rice 5kg,Grocery,333.71,4,5,1268.1,Lucknow,Female,Cash
ORD0202,2023-08-03,August,Q3,Bookshelf,Furniture,5001.56,5,20,20006.24,Bangalore,Male,Net Banking
ORD0203,2023-07-10,July,Q3,Headphones,Electronics,4466.61,1,15,3796.62,Jaipur,Male,Net Banking
ORD0204,2023-08-19,August,Q3,Smartphone,Electronics,21407.08,2,10,38532.74,Jaipur,Male,Cash
ORD0205,2023-06-28,June,Q2,Smartphone,Electronics,43231.64,2,15,73493.79,Mumbai,Female,Credit Card
ORD0206,2023-02-11,February,Q1,Jeans,Clothing,1903.92,2,15,3236.66,Kolkata,Male,Credit Card
ORD0207,2023-03-12,March,Q1,T-Shirt,Clothing,1137.67,3,5,3242.36,Mumbai,Female,Cash
ORD0208,2023-11-12,November,Q4,Headphones,Electronics,3987.13,4,15,13556.24,Mumbai,Male,Credit Card
ORD0209,2023-11-08,November,Q4,Bookshelf,Furniture,2470.45,2,20,3952.72,Jaipur,Female,Credit Card
ORD0210,2023-05-03,May,Q2,Bookshelf,Furniture,2569.38,1,0,2569.38,Pune,Female,Credit Card
ORD0211,2023-10-02,October,Q4,Smartphone,Electronics,39610.69,4,20,126754.21,Mumbai,Male,Debit Card
ORD0212,2023-05-04,May,Q2,Bookshelf,Furniture,3431.58,5,10,15442.11,Lucknow,Female,Debit Card
ORD0213,2023-09-27,September,Q3,Smartphone,Electronics,29274.99,3,0,87824.97,Jaipur,Male,Cash
ORD0214,2023-05-10,May,Q2,Running Shoes,Clothing,1695.9,4,10,6105.24,Mumbai,Female,Credit Card
ORD0215,2023-06-20,June,Q2,T-Shirt,Clothing,516.25,1,20,413.0,Bangalore,Male,UPI
ORD0216,2023-12-23,December,Q4,Rice 5kg,Grocery,368.49,2,15,626.43,Ahmedabad,Male,Debit Card
ORD0217,2023-05-31,May,Q2,Smartphone,Electronics,35629.49,4,0,142517.96,Hyderabad,Male,Debit Card
ORD0218,2023-07-23,July,Q3,Laptop,Electronics,56045.85,3,20,134510.04,Jaipur,Female,UPI
ORD0219,2023-07-02,July,Q3,Laptop,Electronics,71365.18,2,10,128457.32,Mumbai,Female,UPI
ORD0220,2023-08-14,August,Q3,Smartphone,Electronics,38378.3,4,15,130486.22,Pune,Female,Debit Card
ORD0221,2023-05-17,May,Q2,Running Shoes,Clothing,4614.31,3,20,11074.34,Delhi,Female,Credit Card
ORD0222,2023-05-31,May,Q2,Jeans,Clothing,2125.0,2,20,3400.0,Kolkata,Male,Credit Card
ORD0223,2023-11-05,November,Q4,T-Shirt,Clothing,894.49,3,15,2280.95,Pune,Male,Cash
ORD0224,2023-08-11,August,Q3,T-Shirt,Clothing,701.86,3,20,1684.46,Chennai,Male,Credit Card
ORD0225,2023-03-15,March,Q1,Jeans,Clothing,1598.65,2,0,3197.3,Lucknow,Female,Credit Card
ORD0226,2023-07-16,July,Q3,Headphones,Electronics,1082.38,3,10,2922.43,Lucknow,Male,Net Banking
ORD0227,2023-08-16,August,Q3,Headphones,Electronics,3652.06,3,10,9860.56,Delhi,Male,Net Banking
ORD0228,2023-02-28,February,Q1,T-Shirt,Clothing,657.63,3,5,1874.25,Mumbai,Male,Cash
ORD0229,2023-05-15,May,Q2,Rice 5kg,Grocery,385.45,5,0,1927.25,Chennai,Female,Debit Card
ORD0230,2023-03-04,March,Q1,Coffee Beans,Grocery,714.13,4,5,2713.69,Bangalore,Male,Cash
ORD0231,2023-12-16,December,Q4,Headphones,Electronics,4574.45,4,0,18297.8,Kolkata,Female,Credit Card
ORD0232,2023-12-31,December,Q4,Rice 5kg,Grocery,439.76,3,5,1253.32,Bangalore,Female,Net Banking
ORD0233,2023-05-02,May,Q2,Desk Chair,Furniture,4092.26,2,5,7775.29,Ahmedabad,Male,UPI
ORD0234,2023-03-08,March,Q1,Rice 5kg,Grocery,450.3,4,20,1440.96,Lucknow,Male,Credit Card
ORD0235,2023-07-30,July,Q3,Bookshelf,Furniture,3291.72,4,20,10533.5,Pune,Male,Debit Card
ORD0236,2023-12-15,December,Q4,T-Shirt,Clothing,877.75,4,15,2984.35,Jaipur,Female,Debit Card
ORD0237,2023-08-10,August,Q3,Rice 5kg,Grocery,473.93,2,5,900.47,Jaipur,Male,Credit Card
ORD0238,2023-06-15,June,Q2,Rice 5kg,Grocery,303.56,2,5,576.76,Hyderabad,Female,Net Banking
ORD0239,2023-11-22,November,Q4,Bookshelf,Furniture,5306.7,3,5,15124.09,Jaipur,Female,Debit Card
ORD0240,2023-11-25,November,Q4,Bookshelf,Furniture,4264.93,1,20,3411.94,Bangalore,Male,Debit Card
ORD0241,2023-10-16,October,Q4,Coffee Beans,Grocery,1192.7,5,10,5367.15,Mumbai,Male,Credit Card
ORD0242,2023-11-30,November,Q4,Laptop,Electronics,78199.14,5,10,351896.13,Hyderabad,Female,Net Banking
ORD0243,2023-11-25,November,Q4,Laptop,Electronics,62431.33,5,10,280940.99,Chennai,Female,Debit Card
ORD0244,2023-03-22,March,Q1,Jeans,Clothing,1453.65,1,0,1453.65,Ahmedabad,Female,Cash
ORD0245,2023-06-10,June,Q2,Running Shoes,Clothing,2418.1,5,5,11485.98,Kolkata,Female,Cash
ORD0246,2023-02-24,February,Q1,Headphones,Electronics,3994.79,5,20,15979.16,Kolkata,Male,Cash
ORD0247,2023-02-19,February,Q1,Smartphone,Electronics,20826.57,2,5,39570.48,Mumbai,Female,Cash
ORD0248,2023-10-23,October,Q4,Coffee Beans,Grocery,859.95,2,10,1547.91,Kolkata,Male,Debit Card
ORD0249,2023-06-07,June,Q2,Running Shoes,Clothing,5981.86,4,15,20338.32,Ahmedabad,Male,Credit Card
ORD0250,2023-10-26,October,Q4,Jeans,Clothing,1911.48,2,5,3631.81,Kolkata,Male,Credit Card
ORD0251,2023-10-02,October,Q4,Bookshelf,Furniture,3727.02,4,10,13417.27,Mumbai,Male,Cash
ORD0252,2023-07-07,July,Q3,Headphones,Electronics,4506.31,3,15,11491.09,Mumbai,Female,Credit Card
ORD0253,2023-05-28,May,Q2,Coffee Beans,Grocery,1018.0,3,20,2443.2,Delhi,Female,Net Banking
ORD0254,2023-12-15,December,Q4,Running Shoes,Clothing,4939.82,3,20,11855.57,Lucknow,Male,Debit Card
ORD0255,2023-07-07,July,Q3,Smartphone,Electronics,24998.82,3,20,59997.17,Bangalore,Male,Net Banking
ORD0256,2023-01-20,January,Q1,Rice 5kg,Grocery,390.49,1,0,390.49,Bangalore,Female,Cash
ORD0257,2023-03-13,March,Q1,Rice 5kg,Grocery,409.95,5,20,1639.8,Kolkata,Female,Debit Card
ORD0258,2023-06-22,June,Q2,Jeans,Clothing,2979.35,3,20,7150.44,Jaipur,Female,Net Banking
ORD0259,2023-06-19,June,Q2,Bookshelf,Furniture,3637.02,1,10,3273.32,Delhi,Female,Net Banking
ORD0260,2023-08-31,August,Q3,Bookshelf,Furniture,5085.4,1,20,4068.32,Chennai,Male,Credit Card
ORD0261,2023-07-14,July,Q3,Coffee Beans,Grocery,928.49,5,20,3713.96,Bangalore,Male,Credit Card
ORD0262,2023-01-10,January,Q1,Coffee Beans,Grocery,1443.03,1,5,1370.88,Ahmedabad,Female,Cash
ORD0263,2023-09-14,September,Q3,Headphones,Electronics,2534.43,2,15,4308.53,Lucknow,Female,Credit Card
ORD0264,2023-12-06,December,Q4,Headphones,Electronics,2978.47,5,10,13403.11,Ahmedabad,Female,UPI
ORD0265,2023-10-07,October,Q4,Headphones,Electronics,2730.59,5,10,12287.66,Kolkata,Female,Net Banking
ORD0266,2023-10-13,October,Q4,Running Shoes,Clothing,2365.19,2,10,4257.34,Chennai,Male,UPI
ORD0267,2023-09-03,September,Q3,Bookshelf,Furniture,4672.05,4,10,16819.38,Kolkata,Female,UPI
ORD0268,2023-07-22,July,Q3,Smartphone,Electronics,30924.73,5,15,131430.1,Kolkata,Male,UPI
ORD0269,2023-08-15,August,Q3,Laptop,Electronics,55067.06,1,10,49560.35,Chennai,Female,Debit Card
ORD0270,2023-12-23,December,Q4,Desk Chair,Furniture,10451.57,3,20,25083.77,Chennai,Male,Credit Card
ORD0271,2023-01-26,January,Q1,Coffee Beans,Grocery,1214.98,2,5,2308.46,Jaipur,Male,Debit Card
ORD0272,2023-02-21,February,Q1,Laptop,Electronics,48506.93,3,15,123692.67,Bangalore,Male,Net Banking
ORD0273,2023-11-30,November,Q4,Headphones,Electronics,2509.01,4,15,8530.63,Hyderabad,Female,UPI
ORD0274,2023-04-29,April,Q2,Bookshelf,Furniture,4406.54,1,20,3525.23,Jaipur,Male,Debit Card
ORD0275,2023-07-23,July,Q3,Jeans,Clothing,2740.82,2,0,5481.64,Ahmedabad,Male,UPI
ORD0276,2023-02-24,February,Q1,Laptop,Electronics,45324.35,5,20,181297.4,Kolkata,Female,Cash
ORD0277,2023-08-28,August,Q3,Rice 5kg,Grocery,433.51,2,20,693.62,Chennai,Male,Credit Card
ORD0278,2023-04-06,April,Q2,T-Shirt,Clothing,445.41,4,10,1603.48,Mumbai,Female,UPI
ORD0279,2023-11-09,November,Q4,Coffee Beans,Grocery,1141.84,2,5,2169.5,Pune,Female,Net Banking
ORD0280,2023-03-13,March,Q1,T-Shirt,Clothing,377.15,1,5,358.29,Ahmedabad,Female,Debit Card
ORD0281,2023-05-17,May,Q2,Laptop,Electronics,54127.48,2,15,92016.72,Kolkata,Female,Net Banking
ORD0282,2023-02-01,February,Q1,Coffee Beans,Grocery,412.58,3,5,1175.85,Delhi,Female,UPI
ORD0283,2023-12-20,December,Q4,Headphones,Electronics,2502.75,5,10,11262.38,Delhi,Female,UPI
ORD0284,2023-03-20,March,Q1,Coffee Beans,Grocery,642.93,2,15,1092.98,Ahmedabad,Female,Cash
ORD0285,2023-05-07,May,Q2,Rice 5kg,Grocery,569.48,5,5,2705.03,Lucknow,Male,Net Banking
ORD0286,2023-10-16,October,Q4,Running Shoes,Clothing,3876.78,3,0,11630.34,Delhi,Male,Net Banking
ORD0287,2023-03-26,March,Q1,Rice 5kg,Grocery,320.75,5,5,1523.56,Kolkata,Female,Credit Card
ORD0288,2023-09-19,September,Q3,Desk Chair,Furniture,9452.26,4,0,37809.04,Ahmedabad,Male,Cash
ORD0289,2023-01-30,January,Q1,Headphones,Electronics,2955.64,4,20,9458.05,Jaipur,Female,UPI
ORD0290,2023-10-24,October,Q4,Laptop,Electronics,58858.2,1,5,55915.29,Delhi,Male,Cash
ORD0291,2023-02-05,February,Q1,T-Shirt,Clothing,930.05,5,0,4650.25,Ahmedabad,Male,UPI
ORD0292,2023-07-11,July,Q3,Jeans,Clothing,1195.14,2,15,2031.74,Pune,Female,Cash
ORD0293,2023-12-01,December,Q4,Jeans,Clothing,975.63,5,5,4634.24,Kolkata,Male,Debit Card
ORD0294,2023-01-02,January,Q1,Rice 5kg,Grocery,387.57,2,5,736.38,Mumbai,Female,Cash
ORD0295,2023-05-07,May,Q2,Rice 5kg,Grocery,398.44,4,5,1514.07,Ahmedabad,Female,Debit Card
ORD0296,2023-12-05,December,Q4,Bookshelf,Furniture,2348.16,1,0,2348.16,Pune,Male,Debit Card
ORD0297,2023-08-17,August,Q3,Desk Chair,Furniture,3605.62,5,0,18028.1,Lucknow,Male,Debit Card
ORD0298,2023-04-22,April,Q2,Laptop,Electronics,59079.29,2,20,94526.86,Mumbai,Male,Net Banking
ORD0299,2023-10-23,October,Q4,Bookshelf,Furniture,2553.73,5,10,11491.78,Lucknow,Female,Debit Card
ORD0300,2023-07-31,July,Q3,Bookshelf,Furniture,5443.16,5,5,25855.01,Chennai,Female,Credit Card
ORD0301,2023-10-12,October,Q4,Rice 5kg,Grocery,581.98,2,15,989.37,Ahmedabad,Male,UPI
ORD0302,2023-07-29,July,Q3,Jeans,Clothing,2528.56,3,15,6447.83,Bangalore,Female,Cash
ORD0303,2023-04-26,April,Q2,Headphones,Electronics,3968.55,4,5,15080.49,Chennai,Male,Cash
ORD0304,2023-09-29,September,Q3,Laptop,Electronics,64683.51,4,20,206987.23,Bangalore,Female,Debit Card
ORD0305,2023-07-09,July,Q3,Bookshelf,Furniture,2415.02,1,15,2052.77,Delhi,Male,Credit Card
ORD0306,2023-01-21,January,Q1,Bookshelf,Furniture,3197.26,5,20,12789.04,Delhi,Male,Net Banking
ORD0307,2023-06-05,June,Q2,Rice 5kg,Grocery,325.96,2,10,586.73,Mumbai,Male,Debit Card
ORD0308,2023-12-23,December,Q4,Smartphone,Electronics,36647.01,4,5,139258.64,Lucknow,Male,Cash
ORD0309,2023-08-27,August,Q3,Desk Chair,Furniture,7968.71,3,15,20320.21,Jaipur,Female,UPI
ORD0310,2023-02-20,February,Q1,Bookshelf,Furniture,3118.4,4,15,10602.56,Ahmedabad,Female,Debit Card
ORD0311,2023-04-24,April,Q2,T-Shirt,Clothing,580.94,1,20,464.75,Bangalore,Male,UPI
ORD0312,2023-06-01,June,Q2,Rice 5kg,Grocery,577.17,5,15,2452.97,Bangalore,Male,UPI
ORD0313,2023-10-09,October,Q4,Desk Chair,Furniture,6418.56,2,15,10911.55,Kolkata,Female,Cash
ORD0314,2023-03-13,March,Q1,Running Shoes,Clothing,3573.73,3,5,10185.13,Jaipur,Female,Debit Card
ORD0315,2023-01-18,January,Q1,Rice 5kg,Grocery,596.61,1,20,477.29,Delhi,Male,Credit Card
ORD0316,2023-12-29,December,Q4,Jeans,Clothing,1101.62,2,0,2203.24,Bangalore,Male,Debit Card
ORD0317,2023-11-23,November,Q4,Rice 5kg,Grocery,409.6,1,20,327.68,Lucknow,Female,Cash
ORD0318,2023-01-07,January,Q1,Laptop,Electronics,45231.43,5,15,192233.58,Mumbai,Female,Net Banking
ORD0319,2023-02-24,February,Q1,Bookshelf,Furniture,1577.14,4,5,5993.13,Delhi,Male,Debit Card
ORD0320,2023-05-17,May,Q2,Desk Chair,Furniture,8578.03,3,10,23160.68,Pune,Male,UPI
ORD0321,2023-06-03,June,Q2,Jeans,Clothing,1809.25,2,5,3437.57,Delhi,Male,Credit Card
ORD0322,2023-01-29,January,Q1,Jeans,Clothing,1633.76,5,15,6943.48,Mumbai,Male,Credit Card
ORD0323,2023-02-18,February,Q1,Running Shoes,Clothing,5303.98,3,20,12729.55,Jaipur,Male,Debit Card
ORD0324,2023-05-19,May,Q2,Desk Chair,Furniture,11111.46,5,15,47223.7,Mumbai,Male,UPI
ORD0325,2023-06-11,June,Q2,Rice 5kg,Grocery,447.23,1,5,424.87,Mumbai,Male,Net Banking
ORD0326,2023-06-03,June,Q2,Headphones,Electronics,3959.47,4,0,15837.88,Bangalore,Male,Net Banking
ORD0327,2023-07-16,July,Q3,Jeans,Clothing,2289.15,5,10,10301.18,Bangalore,Male,Net Banking
ORD0328,2023-02-08,February,Q1,T-Shirt,Clothing,347.38,4,5,1320.04,Kolkata,Female,UPI
ORD0329,2023-04-27,April,Q2,Laptop,Electronics,67194.3,4,15,228460.62,Kolkata,Female,Cash
ORD0330,2023-11-13,November,Q4,Headphones,Electronics,3654.72,4,0,14618.88,Chennai,Male,Credit Card
ORD0331,2023-07-19,July,Q3,Smartphone,Electronics,20843.08,4,5,79203.7,Kolkata,Female,Credit Card
ORD0332,2023-07-04,July,Q3,Smartphone,Electronics,12171.44,3,15,31037.17,Chennai,Male,Debit Card
ORD0333,2023-10-12,October,Q4,Smartphone,Electronics,18183.93,4,20,58188.58,Jaipur,Female,Credit Card
ORD0334,2023-11-02,November,Q4,Laptop,Electronics,48136.66,5,0,240683.3,Lucknow,Female,Cash
ORD0335,2023-10-14,October,Q4,Laptop,Electronics,55214.66,4,0,220858.64,Hyderabad,Male,Cash
ORD0336,2023-09-10,September,Q3,Headphones,Electronics,1383.13,3,10,3734.45,Bangalore,Male,Debit Card
ORD0337,2023-02-09,February,Q1,Jeans,Clothing,1406.39,3,15,3586.29,Kolkata,Female,Debit Card
ORD0338,2023-02-24,February,Q1,Running Shoes,Clothing,4172.13,2,15,7092.62,Bangalore,Female,Credit Card
ORD0339,2023-06-18,June,Q2,Jeans,Clothing,1530.21,5,15,6503.39,Ahmedabad,Female,Cash
ORD0340,2023-12-22,December,Q4,Coffee Beans,Grocery,549.74,3,20,1319.38,Hyderabad,Female,UPI
ORD0341,2023-12-22,December,Q4,Headphones,Electronics,4851.21,3,10,13098.27,Ahmedabad,Male,UPI
ORD0342,2023-02-28,February,Q1,Jeans,Clothing,1415.94,4,10,5097.38,Lucknow,Male,Net Banking
ORD0343,2023-08-25,August,Q3,Rice 5kg,Grocery,312.97,5,0,1564.85,Hyderabad,Female,UPI
ORD0344,2023-03-13,March,Q1,Smartphone,Electronics,39025.86,4,15,132687.92,Chennai,Male,UPI
ORD0345,2023-08-18,August,Q3,Headphones,Electronics,3803.99,4,0,15215.96,Lucknow,Female,Net Banking
ORD0346,2023-01-19,January,Q1,Jeans,Clothing,1975.14,4,20,6320.45,Kolkata,Male,Credit Card
ORD0347,2023-11-28,November,Q4,Desk Chair,Furniture,8918.41,3,5,25417.47,Lucknow,Male,Net Banking
ORD0348,2023-02-24,February,Q1,Jeans,Clothing,2926.95,3,15,7463.72,Mumbai,Male,UPI
ORD0349,2023-10-25,October,Q4,Desk Chair,Furniture,7596.09,5,20,30384.36,Lucknow,Male,Cash
ORD0350,2023-03-19,March,Q1,T-Shirt,Clothing,651.41,5,20,2605.64,Kolkata,Male,Cash
ORD0351,2023-03-14,March,Q1,Smartphone,Electronics,21749.26,1,0,21749.26,Kolkata,Female,UPI
ORD0352,2023-06-28,June,Q2,Running Shoes,Clothing,5029.21,5,15,21374.14,Ahmedabad,Male,Cash
ORD0353,2023-12-30,December,Q4,Running Shoes,Clothing,2935.09,3,0,8805.27,Delhi,Male,UPI
ORD0354,2023-09-22,September,Q3,Smartphone,Electronics,34345.6,2,5,65256.64,Bangalore,Male,UPI
ORD0355,2023-07-27,July,Q3,Rice 5kg,Grocery,399.23,4,5,1517.07,Bangalore,Male,Cash
ORD0356,2023-08-19,August,Q3,Jeans,Clothing,863.25,5,5,4100.44,Lucknow,Female,Cash
ORD0357,2023-12-27,December,Q4,Laptop,Electronics,69665.75,2,10,125398.35,Delhi,Male,Net Banking
ORD0358,2023-02-28,February,Q1,Headphones,Electronics,2336.33,2,15,3971.76,Chennai,Female,Net Banking
ORD0359,2023-10-28,October,Q4,T-Shirt,Clothing,836.87,5,15,3556.7,Delhi,Female,UPI
ORD0360,2023-10-30,October,Q4,Running Shoes,Clothing,4278.13,3,20,10267.51,Delhi,Male,UPI
ORD0361,2023-07-11,July,Q3,Smartphone,Electronics,19872.9,1,5,18879.26,Bangalore,Female,Cash
ORD0362,2023-04-06,April,Q2,Coffee Beans,Grocery,551.65,4,15,1875.61,Ahmedabad,Male,Net Banking
ORD0363,2023-06-11,June,Q2,Headphones,Electronics,2856.5,2,5,5427.35,Ahmedabad,Male,UPI
ORD0364,2023-10-15,October,Q4,Laptop,Electronics,61961.31,2,15,105334.23,Jaipur,Female,Cash
ORD0365,2023-03-27,March,Q1,Running Shoes,Clothing,3370.34,4,15,11459.16,Delhi,Male,Debit Card
ORD0366,2023-05-28,May,Q2,Bookshelf,Furniture,1647.13,2,20,2635.41,Bangalore,Female,Net Banking
ORD0367,2023-02-28,February,Q1,Running Shoes,Clothing,3973.77,1,20,3179.02,Chennai,Female,Net Banking
ORD0368,2023-04-22,April,Q2,Laptop,Electronics,71600.14,4,20,229120.45,Pune,Male,Debit Card
ORD0369,2023-05-15,May,Q2,Bookshelf,Furniture,5436.64,1,15,4621.14,Kolkata,Male,Cash
ORD0370,2023-10-29,October,Q4,Smartphone,Electronics,37595.84,2,5,71432.1,Kolkata,Female,Debit Card
ORD0371,2023-01-31,January,Q1,Coffee Beans,Grocery,553.16,2,5,1051.0,Lucknow,Female,Net Banking
ORD0372,2023-12-27,December,Q4,Bookshelf,Furniture,4185.86,2,10,7534.55,Chennai,Female,Net Banking
ORD0373,2023-03-11,March,Q1,Bookshelf,Furniture,5785.79,5,0,28928.95,Pune,Male,UPI
ORD0374,2023-03-16,March,Q1,Headphones,Electronics,3745.99,2,5,7117.38,Kolkata,Male,Cash
ORD0375,2023-07-12,July,Q3,Running Shoes,Clothing,2139.77,3,15,5456.41,Ahmedabad,Male,Credit Card
ORD0376,2023-08-21,August,Q3,Jeans,Clothing,1933.87,3,10,5221.45,Ahmedabad,Female,Net Banking
ORD0377,2023-11-22,November,Q4,Laptop,Electronics,75411.77,1,15,64100.0,Kolkata,Male,Net Banking
ORD0378,2023-09-11,September,Q3,Jeans,Clothing,1278.44,4,5,4858.07,Chennai,Female,UPI
ORD0379,2023-09-06,September,Q3,T-Shirt,Clothing,792.13,2,20,1267.41,Kolkata,Male,Credit Card
ORD0380,2023-03-05,March,Q1,Smartphone,Electronics,32663.92,4,0,130655.68,Bangalore,Female,Cash
ORD0381,2023-12-19,December,Q4,Laptop,Electronics,79714.34,4,5,302914.49,Bangalore,Female,Debit Card
ORD0382,2023-02-12,February,Q1,Bookshelf,Furniture,1920.03,3,10,5184.08,Kolkata,Male,Credit Card
ORD0383,2023-12-02,December,Q4,Jeans,Clothing,2175.96,2,15,3699.13,Delhi,Male,Credit Card
ORD0384,2023-04-26,April,Q2,Desk Chair,Furniture,7291.26,2,20,11666.02,Jaipur,Female,Credit Card
ORD0385,2023-12-22,December,Q4,Laptop,Electronics,69345.9,1,15,58944.01,Bangalore,Female,Credit Card
ORD0386,2023-06-10,June,Q2,Desk Chair,Furniture,6447.63,1,0,6447.63,Kolkata,Female,Debit Card
ORD0387,2023-02-05,February,Q1,Jeans,Clothing,2501.39,2,5,4752.64,Jaipur,Male,Net Banking
ORD0388,2023-07-30,July,Q3,Headphones,Electronics,2648.42,2,5,5032.0,Lucknow,Female,Debit Card
ORD0389,2023-10-29,October,Q4,Smartphone,Electronics,41587.57,2,0,83175.14,Pune,Female,Cash
ORD0390,2023-11-27,November,Q4,T-Shirt,Clothing,1011.76,2,10,1821.17,Delhi,Male,Net Banking
ORD0391,2023-12-20,December,Q4,Coffee Beans,Grocery,1060.01,5,10,4770.05,Mumbai,Female,Debit Card
ORD0392,2023-06-01,June,Q2,Rice 5kg,Grocery,462.42,2,15,786.11,Mumbai,Male,Cash
ORD0393,2023-02-06,February,Q1,Jeans,Clothing,1047.15,4,20,3350.88,Jaipur,Male,UPI
ORD0394,2023-07-07,July,Q3,T-Shirt,Clothing,417.92,5,15,1776.16,Jaipur,Male,Cash
ORD0395,2023-05-15,May,Q2,Smartphone,Electronics,12550.75,1,0,12550.75,Hyderabad,Male,Credit Card
ORD0396,2023-08-05,August,Q3,Jeans,Clothing,1914.05,5,15,8134.71,Pune,Male,Net Banking
ORD0397,2023-06-08,June,Q2,Rice 5kg,Grocery,465.62,3,0,1396.86,Delhi,Male,Debit Card
ORD0398,2023-06-08,June,Q2,Rice 5kg,Grocery,364.36,5,0,1821.8,Pune,Male,Credit Card
ORD0399,2023-08-21,August,Q3,Desk Chair,Furniture,3775.92,4,0,15103.68,Lucknow,Male,UPI
ORD0400,2023-03-25,March,Q1,Headphones,Electronics,1301.66,2,0,2603.32,Ahmedabad,Female,Net Banking
ORD0401,2023-07-10,July,Q3,Rice 5kg,Grocery,524.05,3,5,1493.54,Bangalore,Female,Credit Card
ORD0402,2023-09-26,September,Q3,Laptop,Electronics,56725.39,4,10,204211.4,Delhi,Female,Net Banking
ORD0403,2023-01-29,January,Q1,Smartphone,Electronics,28372.87,5,10,127677.92,Ahmedabad,Male,UPI
ORD0404,2023-12-12,December,Q4,Headphones,Electronics,1871.49,1,20,1497.19,Delhi,Male,Net Banking
ORD0405,2023-01-24,January,Q1,Laptop,Electronics,46541.33,1,5,44214.26,Ahmedabad,Female,Cash
ORD0406,2023-12-02,December,Q4,Headphones,Electronics,1551.64,1,20,1241.31,Pune,Male,UPI
ORD0407,2023-02-09,February,Q1,Desk Chair,Furniture,6746.31,3,10,18215.04,Lucknow,Female,Credit Card
ORD0408,2023-04-25,April,Q2,Rice 5kg,Grocery,485.66,1,5,461.38,Jaipur,Male,Cash
ORD0409,2023-06-17,June,Q2,Smartphone,Electronics,40940.71,3,10,110539.92,Delhi,Female,Credit Card
ORD0410,2023-11-15,November,Q4,T-Shirt,Clothing,479.8,5,10,2159.1,Hyderabad,Female,UPI
ORD0411,2023-05-06,May,Q2,Coffee Beans,Grocery,1469.04,2,20,2350.46,Bangalore,Male,Cash
ORD0412,2023-06-21,June,Q2,Laptop,Electronics,53154.92,3,0,159464.76,Mumbai,Female,UPI
ORD0413,2023-09-09,September,Q3,Smartphone,Electronics,18771.41,2,15,31911.4,Mumbai,Male,UPI
ORD0414,2023-07-31,July,Q3,Smartphone,Electronics,13448.71,2,20,21517.94,Kolkata,Female,Credit Card
ORD0415,2023-02-08,February,Q1,Coffee Beans,Grocery,505.13,2,15,858.72,Lucknow,Male,Cash
ORD0416,2023-07-21,July,Q3,Headphones,Electronics,1794.44,3,10,4844.99,Kolkata,Female,Cash
ORD0417,2023-10-27,October,Q4,Bookshelf,Furniture,2551.25,2,5,4847.38,Delhi,Male,Credit Card
ORD0418,2023-03-03,March,Q1,Headphones,Electronics,2688.18,3,15,6854.86,Jaipur,Female,Debit Card
ORD0419,2023-02-16,February,Q1,Running Shoes,Clothing,2887.38,3,0,8662.14,Bangalore,Female,Net Banking
ORD0420,2023-02-16,February,Q1,Laptop,Electronics,52525.73,3,5,149698.33,Hyderabad,Female,Cash
ORD0421,2023-03-31,March,Q1,Rice 5kg,Grocery,267.13,3,10,721.25,Mumbai,Female,Cash
ORD0422,2023-08-25,August,Q3,Rice 5kg,Grocery,511.83,2,0,1023.66,Delhi,Male,Credit Card
ORD0423,2023-04-12,April,Q2,Laptop,Electronics,47158.42,2,5,89601.0,Pune,Female,Credit Card
ORD0424,2023-02-03,February,Q1,Coffee Beans,Grocery,1044.73,1,0,1044.73,Hyderabad,Female,Debit Card
ORD0425,2023-01-22,January,Q1,Smartphone,Electronics,41867.57,3,0,125602.71,Ahmedabad,Male,Debit Card
ORD0426,2023-01-16,January,Q1,Coffee Beans,Grocery,876.47,4,15,2980.0,Pune,Female,Debit Card
ORD0427,2023-05-24,May,Q2,T-Shirt,Clothing,492.46,2,10,886.43,Ahmedabad,Male,Credit Card
ORD0428,2023-09-13,September,Q3,Coffee Beans,Grocery,1081.09,2,10,1945.96,Pune,Female,Credit Card
ORD0429,2023-04-13,April,Q2,Smartphone,Electronics,21232.61,2,15,36095.44,Jaipur,Male,Net Banking
ORD0430,2023-10-06,October,Q4,Laptop,Electronics,79629.13,3,15,203054.28,Ahmedabad,Female,Net Banking
ORD0431,2023-01-14,January,Q1,Rice 5kg,Grocery,362.56,3,5,1033.3,Kolkata,Male,Credit Card
ORD0432,2023-07-03,July,Q3,Bookshelf,Furniture,1763.66,4,20,5643.71,Lucknow,Male,Debit Card
ORD0433,2023-10-01,October,Q4,Smartphone,Electronics,20179.28,2,10,36322.7,Mumbai,Male,Net Banking
ORD0434,2023-05-02,May,Q2,Jeans,Clothing,1579.93,2,5,3001.87,Lucknow,Female,UPI
ORD0435,2023-10-16,October,Q4,Coffee Beans,Grocery,431.03,3,20,1034.47,Bangalore,Male,Cash
ORD0436,2023-02-16,February,Q1,Rice 5kg,Grocery,358.17,4,0,1432.68,Mumbai,Male,Net Banking
ORD0437,2023-06-19,June,Q2,Desk Chair,Furniture,3179.35,4,0,12717.4,Lucknow,Male,Debit Card
ORD0438,2023-01-12,January,Q1,T-Shirt,Clothing,944.96,3,0,2834.88,Bangalore,Male,Credit Card
ORD0439,2023-12-27,December,Q4,Rice 5kg,Grocery,551.23,1,10,496.11,Pune,Male,UPI
ORD0440,2023-11-24,November,Q4,Bookshelf,Furniture,2951.71,2,15,5017.91,Ahmedabad,Female,Debit Card
ORD0441,2023-04-25,April,Q2,Rice 5kg,Grocery,492.75,5,10,2217.38,Lucknow,Male,Cash
ORD0442,2023-04-01,April,Q2,Bookshelf,Furniture,4802.98,3,5,13688.49,Mumbai,Female,Net Banking
ORD0443,2023-04-24,April,Q2,Laptop,Electronics,51372.86,3,20,123294.86,Lucknow,Male,Cash
ORD0444,2023-06-27,June,Q2,Headphones,Electronics,2190.91,1,5,2081.36,Kolkata,Male,Credit Card
ORD0445,2023-05-08,May,Q2,T-Shirt,Clothing,701.41,3,5,1999.02,Delhi,Female,UPI
ORD0446,2023-08-13,August,Q3,Smartphone,Electronics,35773.65,1,15,30407.6,Pune,Male,Cash
ORD0447,2023-07-12,July,Q3,Running Shoes,Clothing,5467.97,3,20,13123.13,Delhi,Female,Net Banking
ORD0448,2023-05-31,May,Q2,Desk Chair,Furniture,4463.91,1,0,4463.91,Mumbai,Female,UPI
ORD0449,2023-03-24,March,Q1,Smartphone,Electronics,14448.61,2,15,24562.64,Delhi,Male,UPI
ORD0450,2023-08-09,August,Q3,Coffee Beans,Grocery,1483.8,4,0,5935.2,Bangalore,Female,Debit Card
ORD0451,2023-07-29,July,Q3,Laptop,Electronics,48544.02,2,5,92233.64,Jaipur,Female,UPI
ORD0452,2023-10-20,October,Q4,Bookshelf,Furniture,2568.97,1,15,2183.62,Jaipur,Female,Debit Card
ORD0453,2023-05-31,May,Q2,Laptop,Electronics,57629.01,4,0,230516.04,Lucknow,Female,Debit Card
ORD0454,2023-02-11,February,Q1,Smartphone,Electronics,12849.28,2,10,23128.7,Ahmedabad,Male,UPI
ORD0455,2023-11-25,November,Q4,Jeans,Clothing,1835.55,3,0,5506.65,Jaipur,Female,Debit Card
ORD0456,2023-08-17,August,Q3,T-Shirt,Clothing,1096.83,3,5,3125.97,Mumbai,Female,Cash
ORD0457,2023-02-01,February,Q1,Running Shoes,Clothing,2685.3,3,20,6444.72,Bangalore,Male,Credit Card
ORD0458,2023-04-27,April,Q2,T-Shirt,Clothing,1027.17,4,20,3286.94,Jaipur,Male,Cash
ORD0459,2023-10-21,October,Q4,Rice 5kg,Grocery,396.52,5,15,1685.21,Hyderabad,Female,UPI
ORD0460,2023-10-20,October,Q4,Smartphone,Electronics,25028.54,1,20,20022.83,Jaipur,Male,Credit Card
ORD0461,2023-04-09,April,Q2,Running Shoes,Clothing,2277.96,2,5,4328.12,Bangalore,Male,Cash
ORD0462,2023-11-18,November,Q4,Smartphone,Electronics,44613.24,4,5,169530.31,Bangalore,Female,UPI
ORD0463,2023-10-10,October,Q4,Smartphone,Electronics,14871.91,5,15,63205.62,Kolkata,Female,Net Banking
ORD0464,2023-10-28,October,Q4,Running Shoes,Clothing,5627.23,1,20,4501.78,Jaipur,Female,Credit Card
ORD0465,2023-10-26,October,Q4,Jeans,Clothing,1128.36,5,20,4513.44,Delhi,Male,Net Banking
ORD0466,2023-07-30,July,Q3,Smartphone,Electronics,37929.61,5,10,170683.24,Chennai,Female,Cash
ORD0467,2023-05-22,May,Q2,Coffee Beans,Grocery,1069.86,1,5,1016.37,Pune,Male,Net Banking
ORD0468,2023-07-22,July,Q3,Coffee Beans,Grocery,1148.89,4,0,4595.56,Kolkata,Male,Credit Card
ORD0469,2023-06-22,June,Q2,Running Shoes,Clothing,5643.76,3,0,16931.28,Chennai,Female,UPI
ORD0470,2023-03-10,March,Q1,Running Shoes,Clothing,5362.06,1,5,5093.96,Chennai,Female,UPI
ORD0471,2023-04-07,April,Q2,Bookshelf,Furniture,4779.6,5,0,23898.0,Ahmedabad,Male,Cash
ORD0472,2023-09-21,September,Q3,Running Shoes,Clothing,4917.72,3,0,14753.16,Bangalore,Male,UPI
ORD0473,2023-01-15,January,Q1,Rice 5kg,Grocery,391.18,5,20,1564.72,Bangalore,Male,Debit Card
ORD0474,2023-07-04,July,Q3,Laptop,Electronics,53732.16,4,0,214928.64,Hyderabad,Female,UPI
ORD0475,2023-05-04,May,Q2,Running Shoes,Clothing,3773.07,1,0,3773.07,Kolkata,Female,Net Banking
ORD0476,2023-10-10,October,Q4,Running Shoes,Clothing,2299.13,4,20,7357.22,Kolkata,Female,Debit Card
ORD0477,2023-01-15,January,Q1,Bookshelf,Furniture,4870.33,1,10,4383.3,Pune,Male,Debit Card
ORD0478,2023-11-28,November,Q4,Coffee Beans,Grocery,1257.81,2,5,2389.84,Hyderabad,Male,UPI
ORD0479,2023-03-09,March,Q1,Jeans,Clothing,1928.73,1,15,1639.42,Bangalore,Male,Debit Card
ORD0480,2023-08-05,August,Q3,Bookshelf,Furniture,4237.55,3,10,11441.39,Pune,Female,Cash
ORD0481,2023-11-16,November,Q4,Bookshelf,Furniture,2481.94,3,20,5956.66,Pune,Male,Credit Card
ORD0482,2023-11-28,November,Q4,Rice 5kg,Grocery,599.8,3,20,1439.52,Lucknow,Female,UPI
ORD0483,2023-11-24,November,Q4,Smartphone,Electronics,27897.37,3,10,75322.9,Kolkata,Female,UPI
ORD0484,2023-01-30,January,Q1,Bookshelf,Furniture,2347.62,5,5,11151.19,Lucknow,Female,UPI
ORD0485,2023-05-13,May,Q2,Headphones,Electronics,3829.39,4,10,13785.8,Pune,Female,Cash
ORD0486,2023-06-25,June,Q2,Laptop,Electronics,65405.83,5,5,310677.69,Hyderabad,Female,UPI
ORD0487,2023-04-03,April,Q2,Rice 5kg,Grocery,355.07,2,20,568.11,Chennai,Male,Cash
ORD0488,2023-12-15,December,Q4,Headphones,Electronics,3911.86,5,5,18581.33,Kolkata,Male,Debit Card
ORD0489,2023-06-19,June,Q2,T-Shirt,Clothing,500.22,3,15,1275.56,Kolkata,Female,Net Banking
ORD0490,2023-01-28,January,Q1,Bookshelf,Furniture,3586.92,1,15,3048.88,Lucknow,Male,Cash
ORD0491,2023-06-02,June,Q2,Desk Chair,Furniture,7504.3,4,20,24013.76,Pune,Male,Debit Card
ORD0492,2023-10-19,October,Q4,Headphones,Electronics,4967.86,3,15,12668.04,Ahmedabad,Male,UPI
ORD0493,2023-11-20,November,Q4,Headphones,Electronics,4071.55,4,10,14657.58,Bangalore,Female,Credit Card
ORD0494,2023-10-23,October,Q4,Laptop,Electronics,60821.86,2,5,115561.53,Bangalore,Female,Credit Card
ORD0495,2023-08-08,August,Q3,Headphones,Electronics,3380.81,4,15,11494.75,Ahmedabad,Female,Credit Card
ORD0496,2023-06-14,June,Q2,Laptop,Electronics,63682.39,3,0,191047.17,Jaipur,Male,Credit Card
ORD0497,2023-12-22,December,Q4,Laptop,Electronics,66934.04,2,5,127174.68,Kolkata,Female,Debit Card
ORD0498,2023-03-27,March,Q1,Smartphone,Electronics,24657.17,5,10,110957.26,Delhi,Male,UPI
ORD0499,2023-09-26,September,Q3,Bookshelf,Furniture,3551.67,5,20,14206.68,Kolkata,Female,Debit Card
ORD0500,2023-04-07,April,Q2,T-Shirt,Clothing,1196.52,4,10,4307.47,Bangalore,Female,Credit Card
ORD0501,2023-01-12,January,Q1,Desk Chair,Furniture,5018.89,2,5,9535.89,Lucknow,Male,Credit Card
ORD0502,2023-11-24,November,Q4,T-Shirt,Clothing,939.71,1,15,798.75,Chennai,Male,Net Banking
ORD0503,2023-12-20,December,Q4,Laptop,Electronics,68168.95,1,0,68168.95,Delhi,Female,Cash
ORD0504,2023-12-26,December,Q4,Jeans,Clothing,1071.03,3,15,2731.13,Bangalore,Male,Credit Card
ORD0505,2023-05-19,May,Q2,Bookshelf,Furniture,3393.92,1,20,2715.14,Lucknow,Male,Cash
ORD0506,2023-05-25,May,Q2,Smartphone,Electronics,28882.3,5,0,144411.5,Delhi,Male,Cash
ORD0507,2023-04-14,April,Q2,Desk Chair,Furniture,8481.02,3,20,20354.45,Kolkata,Female,UPI
ORD0508,2023-12-19,December,Q4,Headphones,Electronics,965.5,4,5,3668.9,Ahmedabad,Female,Debit Card
ORD0509,2023-10-21,October,Q4,Laptop,Electronics,45446.23,1,0,45446.23,Ahmedabad,Male,Credit Card
ORD0510,2023-11-26,November,Q4,Rice 5kg,Grocery,276.27,1,10,248.64,Hyderabad,Female,UPI
ORD0511,2023-01-21,January,Q1,Bookshelf,Furniture,3589.25,1,5,3409.79,Chennai,Female,UPI
ORD0512,2023-01-05,January,Q1,Jeans,Clothing,2424.53,1,0,2424.53,Bangalore,Male,UPI
ORD0513,2023-02-17,February,Q1,T-Shirt,Clothing,1104.97,5,10,4972.37,Kolkata,Female,Debit Card
ORD0514,2023-07-17,July,Q3,Smartphone,Electronics,25225.66,4,10,90812.38,Ahmedabad,Female,Debit Card
ORD0515,2023-02-23,February,Q1,Smartphone,Electronics,16372.88,1,5,15554.24,Pune,Female,Net Banking
ORD0516,2023-11-10,November,Q4,Running Shoes,Clothing,2315.67,4,10,8336.41,Mumbai,Male,Cash
ORD0517,2023-01-24,January,Q1,Running Shoes,Clothing,2008.22,4,15,6827.95,Delhi,Female,UPI
ORD0518,2023-10-17,October,Q4,Laptop,Electronics,69659.89,5,20,278639.56,Hyderabad,Female,Net Banking
ORD0519,2023-08-10,August,Q3,Rice 5kg,Grocery,490.88,5,0,2454.4,Hyderabad,Female,UPI
ORD0520,2023-01-28,January,Q1,Jeans,Clothing,1126.19,5,20,4504.76,Mumbai,Male,Net Banking
ORD0521,2023-09-09,September,Q3,Running Shoes,Clothing,5333.42,2,0,10666.84,Kolkata,Male,UPI
ORD0522,2023-11-26,November,Q4,Bookshelf,Furniture,1726.58,2,20,2762.53,Pune,Female,Debit Card
ORD0523,2023-02-15,February,Q1,Smartphone,Electronics,27150.12,5,15,115388.01,Ahmedabad,Female,UPI
ORD0524,2023-07-26,July,Q3,Smartphone,Electronics,44362.13,1,0,44362.13,Pune,Male,Net Banking
ORD0525,2023-11-13,November,Q4,Rice 5kg,Grocery,250.06,1,20,200.05,Chennai,Male,Cash
ORD0526,2023-08-21,August,Q3,T-Shirt,Clothing,626.37,1,5,595.05,Kolkata,Female,UPI
ORD0527,2023-06-24,June,Q2,Running Shoes,Clothing,2013.11,2,0,4026.22,Kolkata,Female,Net Banking
ORD0528,2023-03-26,March,Q1,Rice 5kg,Grocery,380.86,1,0,380.86,Ahmedabad,Male,Cash
ORD0529,2023-03-03,March,Q1,Smartphone,Electronics,20391.55,2,5,38743.94,Pune,Male,Cash
ORD0530,2023-01-24,January,Q1,Desk Chair,Furniture,9451.09,1,15,8033.43,Lucknow,Male,Cash
ORD0531,2023-09-13,September,Q3,Running Shoes,Clothing,4463.06,5,5,21199.54,Mumbai,Male,Net Banking
ORD0532,2023-04-01,April,Q2,Jeans,Clothing,2645.23,4,20,8464.74,Lucknow,Male,Debit Card
ORD0533,2023-06-14,June,Q2,Smartphone,Electronics,24784.38,5,20,99137.52,Jaipur,Female,Cash
ORD0534,2023-07-23,July,Q3,Coffee Beans,Grocery,1407.5,2,10,2533.5,Kolkata,Female,Cash
ORD0535,2023-06-03,June,Q2,Headphones,Electronics,1380.36,5,20,5521.44,Jaipur,Female,Net Banking
ORD0536,2023-12-18,December,Q4,Desk Chair,Furniture,4808.0,5,10,21636.0,Kolkata,Male,Debit Card
ORD0537,2023-06-30,June,Q2,Rice 5kg,Grocery,439.87,3,0,1319.61,Jaipur,Female,Net Banking
ORD0538,2023-05-27,May,Q2,Coffee Beans,Grocery,1436.94,4,20,4598.21,Pune,Male,Net Banking
ORD0539,2023-12-10,December,Q4,Smartphone,Electronics,12833.98,2,0,25667.96,Mumbai,Male,UPI
ORD0540,2023-02-01,February,Q1,Headphones,Electronics,4930.84,3,5,14052.89,Chennai,Male,Net Banking
ORD0541,2023-11-12,November,Q4,Laptop,Electronics,57553.89,4,0,230215.56,Jaipur,Male,Net Banking
ORD0542,2023-07-15,July,Q3,Jeans,Clothing,1321.95,3,0,3965.85,Pune,Female,UPI
ORD0543,2023-11-14,November,Q4,Rice 5kg,Grocery,268.83,3,5,766.17,Ahmedabad,Male,UPI
ORD0544,2023-04-10,April,Q2,Coffee Beans,Grocery,1001.28,5,5,4756.08,Chennai,Female,Debit Card
ORD0545,2023-03-03,March,Q1,Smartphone,Electronics,18170.23,2,20,29072.37,Pune,Male,Cash
ORD0546,2023-10-27,October,Q4,Bookshelf,Furniture,4004.69,2,5,7608.91,Chennai,Male,UPI
ORD0547,2023-03-20,March,Q1,Running Shoes,Clothing,4693.6,2,0,9387.2,Kolkata,Male,Net Banking
ORD0548,2023-07-03,July,Q3,Bookshelf,Furniture,3707.48,5,20,14829.92,Delhi,Female,Net Banking
ORD0549,2023-09-16,September,Q3,Desk Chair,Furniture,11612.89,5,0,58064.45,Bangalore,Female,Net Banking
ORD0550,2023-04-20,April,Q2,Rice 5kg,Grocery,391.2,3,5,1114.92,Kolkata,Female,UPI
ORD0551,2023-09-01,September,Q3,Bookshelf,Furniture,2483.0,5,20,9932.0,Jaipur,Male,Credit Card
ORD0552,2023-05-05,May,Q2,T-Shirt,Clothing,700.55,5,20,2802.2,Mumbai,Female,Cash
ORD0553,2023-01-13,January,Q1,Smartphone,Electronics,24733.91,5,10,111302.6,Jaipur,Female,Net Banking
ORD0554,2023-11-30,November,Q4,Rice 5kg,Grocery,405.94,1,10,365.35,Hyderabad,Female,Net Banking
ORD0555,2023-10-01,October,Q4,Smartphone,Electronics,43290.99,2,20,69265.58,Mumbai,Male,Debit Card
ORD0556,2023-04-16,April,Q2,Desk Chair,Furniture,10784.56,4,0,43138.24,Jaipur,Female,Credit Card
ORD0557,2023-02-14,February,Q1,Headphones,Electronics,899.76,3,0,2699.28,Delhi,Male,Debit Card
ORD0558,2023-05-13,May,Q2,Bookshelf,Furniture,4011.38,5,5,19054.06,Pune,Female,Cash
ORD0559,2023-12-11,December,Q4,Jeans,Clothing,1752.09,1,15,1489.28,Delhi,Male,Net Banking
ORD0560,2023-12-25,December,Q4,Smartphone,Electronics,36946.7,5,0,184733.5,Delhi,Female,Net Banking
ORD0561,2023-02-14,February,Q1,Smartphone,Electronics,21564.61,3,20,51755.06,Chennai,Female,Cash
ORD0562,2023-03-22,March,Q1,Jeans,Clothing,2608.49,1,15,2217.22,Jaipur,Male,Debit Card
ORD0563,2023-11-21,November,Q4,Jeans,Clothing,2552.69,5,10,11487.11,Bangalore,Female,UPI
ORD0564,2023-03-05,March,Q1,Laptop,Electronics,64373.35,5,5,305773.41,Mumbai,Male,Net Banking
ORD0565,2023-06-06,June,Q2,Coffee Beans,Grocery,833.49,5,0,4167.45,Hyderabad,Female,Debit Card
ORD0566,2023-03-24,March,Q1,Jeans,Clothing,2792.29,5,5,13263.38,Bangalore,Male,Net Banking
ORD0567,2023-01-28,January,Q1,Bookshelf,Furniture,2374.47,2,20,3799.15,Jaipur,Female,Net Banking
ORD0568,2023-02-20,February,Q1,Smartphone,Electronics,21591.54,1,10,19432.39,Hyderabad,Female,UPI
ORD0569,2023-05-26,May,Q2,T-Shirt,Clothing,414.52,2,0,829.04,Lucknow,Male,Debit Card
ORD0570,2023-12-04,December,Q4,T-Shirt,Clothing,736.76,3,20,1768.22,Chennai,Male,Net Banking
ORD0571,2023-03-28,March,Q1,Coffee Beans,Grocery,800.94,3,15,2042.4,Mumbai,Female,Debit Card
ORD0572,2023-07-04,July,Q3,Desk Chair,Furniture,9409.79,4,10,33875.24,Bangalore,Female,Cash
ORD0573,2023-10-10,October,Q4,Running Shoes,Clothing,3504.11,3,15,8935.48,Delhi,Male,Net Banking
ORD0574,2023-04-11,April,Q2,Smartphone,Electronics,39779.17,2,20,63646.67,Chennai,Male,Credit Card
ORD0575,2023-10-24,October,Q4,Laptop,Electronics,74735.55,1,20,59788.44,Pune,Male,Credit Card
ORD0576,2023-12-01,December,Q4,Rice 5kg,Grocery,341.22,5,15,1450.19,Bangalore,Female,Cash
ORD0577,2023-03-10,March,Q1,Desk Chair,Furniture,11022.94,5,10,49603.23,Ahmedabad,Male,Cash
ORD0578,2023-12-17,December,Q4,T-Shirt,Clothing,751.45,2,20,1202.32,Bangalore,Male,Cash
ORD0579,2023-09-05,September,Q3,Headphones,Electronics,1552.41,5,5,7373.95,Kolkata,Male,Debit Card
ORD0580,2023-04-30,April,Q2,Running Shoes,Clothing,2542.87,3,10,6865.75,Mumbai,Male,Net Banking
ORD0581,2023-01-21,January,Q1,T-Shirt,Clothing,648.67,4,0,2594.68,Kolkata,Male,Net Banking
ORD0582,2023-10-06,October,Q4,Bookshelf,Furniture,5256.93,3,20,12616.63,Lucknow,Male,Cash
ORD0583,2023-05-09,May,Q2,Jeans,Clothing,1603.02,1,20,1282.42,Pune,Male,Net Banking
ORD0584,2023-09-04,September,Q3,Jeans,Clothing,1575.73,3,15,4018.11,Lucknow,Male,Net Banking
ORD0585,2023-09-21,September,Q3,Headphones,Electronics,2647.57,2,0,5295.14,Chennai,Male,Debit Card
ORD0586,2023-12-05,December,Q4,Headphones,Electronics,1460.9,5,0,7304.5,Hyderabad,Female,UPI
ORD0587,2023-04-18,April,Q2,Smartphone,Electronics,27890.05,4,15,94826.17,Lucknow,Male,Cash
ORD0588,2023-10-31,October,Q4,Laptop,Electronics,53528.46,2,20,85645.54,Bangalore,Male,Net Banking
ORD0589,2023-03-27,March,Q1,Laptop,Electronics,76177.92,2,0,152355.84,Chennai,Male,Net Banking
ORD0590,2023-12-05,December,Q4,Jeans,Clothing,2118.19,5,0,10590.95,Chennai,Male,Debit Card
ORD0591,2023-03-29,March,Q1,Running Shoes,Clothing,4229.37,4,15,14379.86,Hyderabad,Female,Net Banking
ORD0592,2023-12-04,December,Q4,Headphones,Electronics,4137.39,2,20,6619.82,Jaipur,Female,Debit Card
ORD0593,2023-02-05,February,Q1,T-Shirt,Clothing,1130.04,5,20,4520.16,Hyderabad,Female,Cash
ORD0594,2023-09-16,September,Q3,Headphones,Electronics,1255.99,2,20,2009.58,Pune,Male,Net Banking
ORD0595,2023-01-20,January,Q1,Smartphone,Electronics,17854.93,5,20,71419.72,Jaipur,Male,Credit Card
ORD0596,2023-01-01,January,Q1,Running Shoes,Clothing,4467.27,5,20,17869.08,Pune,Female,UPI
ORD0597,2023-09-04,September,Q3,Laptop,Electronics,69417.5,4,5,263786.5,Pune,Female,Net Banking
ORD0598,2023-09-02,September,Q3,Coffee Beans,Grocery,507.49,2,10,913.48,Hyderabad,Male,UPI
ORD0599,2023-04-07,April,Q2,Coffee Beans,Grocery,1364.44,4,10,4911.98,Mumbai,Male,Net Banking
ORD0600,2023-12-02,December,Q4,Rice 5kg,Grocery,291.24,1,15,247.55,Hyderabad,Female,Cash
ORD0601,2023-05-10,May,Q2,T-Shirt,Clothing,395.03,4,20,1264.1,Chennai,Female,Net Banking
ORD0602,2023-07-31,July,Q3,T-Shirt,Clothing,850.3,4,5,3231.14,Jaipur,Female,Debit Card
ORD0603,2023-06-07,June,Q2,T-Shirt,Clothing,802.74,4,10,2889.86,Lucknow,Female,Cash
ORD0604,2023-08-17,August,Q3,Headphones,Electronics,4391.0,1,5,4171.45,Bangalore,Male,Debit Card
ORD0605,2023-11-11,November,Q4,Rice 5kg,Grocery,390.2,3,20,936.48,Mumbai,Male,Cash
ORD0606,2023-11-04,November,Q4,Laptop,Electronics,73152.93,2,15,124359.98,Pune,Male,Credit Card
ORD0607,2023-01-20,January,Q1,Bookshelf,Furniture,2497.97,1,20,1998.38,Pune,Female,Net Banking
ORD0608,2023-03-31,March,Q1,Rice 5kg,Grocery,350.26,5,0,1751.3,Ahmedabad,Female,Credit Card
ORD0609,2023-04-10,April,Q2,Desk Chair,Furniture,10655.11,5,10,47948.0,Mumbai,Male,Net Banking
ORD0610,2023-12-02,December,Q4,Headphones,Electronics,3630.9,3,5,10348.07,Mumbai,Male,Credit Card
ORD0611,2023-07-27,July,Q3,Bookshelf,Furniture,5008.53,3,15,12771.75,Lucknow,Male,Net Banking
ORD0612,2023-10-09,October,Q4,Laptop,Electronics,70792.39,1,0,70792.39,Chennai,Female,UPI
ORD0613,2023-07-26,July,Q3,Bookshelf,Furniture,2518.33,2,15,4281.16,Lucknow,Male,UPI
ORD0614,2023-02-07,February,Q1,Headphones,Electronics,2509.97,1,20,2007.98,Jaipur,Female,UPI
ORD0615,2023-10-22,October,Q4,Smartphone,Electronics,38497.09,3,20,92393.02,Chennai,Female,Cash
ORD0616,2023-08-23,August,Q3,Coffee Beans,Grocery,931.99,2,10,1677.58,Ahmedabad,Male,Cash
ORD0617,2023-12-13,December,Q4,Smartphone,Electronics,20508.05,4,5,77930.59,Hyderabad,Female,Cash
ORD0618,2023-05-08,May,Q2,T-Shirt,Clothing,764.37,1,10,687.93,Chennai,Male,Cash
ORD0619,2023-06-10,June,Q2,T-Shirt,Clothing,367.5,2,15,624.75,Kolkata,Male,Net Banking
ORD0620,2023-04-13,April,Q2,Bookshelf,Furniture,2322.53,2,15,3948.3,Hyderabad,Male,UPI
ORD0621,2023-07-02,July,Q3,Desk Chair,Furniture,5062.87,2,20,8100.59,Bangalore,Male,Credit Card
ORD0622,2023-01-04,January,Q1,Smartphone,Electronics,34301.8,4,20,109765.76,Jaipur,Male,Cash
ORD0623,2023-05-21,May,Q2,T-Shirt,Clothing,858.22,4,20,2746.3,Ahmedabad,Male,Net Banking
ORD0624,2023-01-28,January,Q1,Bookshelf,Furniture,3290.46,5,5,15629.68,Jaipur,Female,Cash
ORD0625,2023-12-18,December,Q4,Rice 5kg,Grocery,261.4,3,15,666.57,Bangalore,Female,Credit Card
ORD0626,2023-12-12,December,Q4,Rice 5kg,Grocery,411.02,1,0,411.02,Hyderabad,Female,Net Banking
ORD0627,2023-04-06,April,Q2,Smartphone,Electronics,22739.39,5,10,102327.26,Jaipur,Female,Debit Card
ORD0628,2023-07-07,July,Q3,Bookshelf,Furniture,3621.05,5,10,16294.73,Bangalore,Female,Cash
ORD0629,2023-07-25,July,Q3,Desk Chair,Furniture,6771.84,3,10,18283.97,Chennai,Female,Debit Card
ORD0630,2023-02-21,February,Q1,Coffee Beans,Grocery,544.25,5,5,2585.19,Chennai,Male,Net Banking
ORD0631,2023-03-18,March,Q1,Jeans,Clothing,2683.74,2,5,5099.11,Ahmedabad,Male,Debit Card
ORD0632,2023-06-11,June,Q2,Jeans,Clothing,1898.61,5,20,7594.44,Ahmedabad,Female,UPI
ORD0633,2023-02-20,February,Q1,Rice 5kg,Grocery,550.48,1,15,467.91,Bangalore,Male,Debit Card
ORD0634,2023-06-21,June,Q2,Bookshelf,Furniture,3644.43,1,15,3097.77,Chennai,Female,UPI
ORD0635,2023-01-11,January,Q1,Rice 5kg,Grocery,445.12,3,10,1201.82,Pune,Male,UPI
ORD0636,2023-03-31,March,Q1,Coffee Beans,Grocery,618.85,5,20,2475.4,Chennai,Female,UPI
ORD0637,2023-07-15,July,Q3,Rice 5kg,Grocery,420.62,4,0,1682.48,Lucknow,Female,Cash
ORD0638,2023-11-20,November,Q4,Headphones,Electronics,4446.68,3,15,11339.03,Lucknow,Female,Credit Card
ORD0639,2023-06-12,June,Q2,Smartphone,Electronics,17345.98,2,10,31222.76,Chennai,Female,Net Banking
ORD0640,2023-10-28,October,Q4,Jeans,Clothing,1396.02,4,10,5025.67,Jaipur,Female,Cash
ORD0641,2023-05-01,May,Q2,Headphones,Electronics,1572.32,1,5,1493.7,Chennai,Male,Debit Card
ORD0642,2023-08-31,August,Q3,Headphones,Electronics,2467.59,1,0,2467.59,Jaipur,Male,Credit Card
ORD0643,2023-05-15,May,Q2,Jeans,Clothing,1952.29,1,0,1952.29,Lucknow,Male,Credit Card
ORD0644,2023-08-15,August,Q3,Jeans,Clothing,1479.92,2,10,2663.86,Bangalore,Male,Net Banking
ORD0645,2023-09-01,September,Q3,Headphones,Electronics,920.0,3,10,2484.0,Ahmedabad,Female,Net Banking
ORD0646,2023-10-30,October,Q4,Running Shoes,Clothing,2108.02,5,5,10013.09,Lucknow,Female,Net Banking
ORD0647,2023-06-27,June,Q2,Jeans,Clothing,1951.14,5,10,8780.13,Ahmedabad,Male,Credit Card
ORD0648,2023-03-21,March,Q1,Running Shoes,Clothing,2885.41,4,10,10387.48,Chennai,Male,Credit Card
ORD0649,2023-05-27,May,Q2,Rice 5kg,Grocery,535.38,2,10,963.68,Ahmedabad,Male,Cash
ORD0650,2023-11-02,November,Q4,Running Shoes,Clothing,2848.25,4,10,10253.7,Hyderabad,Male,Net Banking
ORD0651,2023-07-22,July,Q3,T-Shirt,Clothing,468.9,5,15,1992.83,Hyderabad,Male,Cash
ORD0652,2023-11-17,November,Q4,Jeans,Clothing,1284.52,1,15,1091.84,Hyderabad,Female,UPI
ORD0653,2023-02-05,February,Q1,Rice 5kg,Grocery,533.08,4,5,2025.7,Bangalore,Male,UPI
ORD0654,2023-05-20,May,Q2,Smartphone,Electronics,33017.46,5,15,140324.2,Lucknow,Female,Debit Card
ORD0655,2023-01-12,January,Q1,T-Shirt,Clothing,316.48,1,20,253.18,Bangalore,Male,UPI
ORD0656,2023-04-30,April,Q2,Bookshelf,Furniture,2062.68,4,0,8250.72,Delhi,Male,Credit Card
ORD0657,2023-09-13,September,Q3,Running Shoes,Clothing,2477.35,4,10,8918.46,Kolkata,Female,Credit Card
ORD0658,2023-05-17,May,Q2,T-Shirt,Clothing,371.28,2,0,742.56,Pune,Male,Net Banking
ORD0659,2023-01-07,January,Q1,Running Shoes,Clothing,2317.22,3,15,5908.91,Delhi,Male,Cash
ORD0660,2023-08-24,August,Q3,Running Shoes,Clothing,2612.23,1,5,2481.62,Delhi,Male,Cash
ORD0661,2023-03-23,March,Q1,Jeans,Clothing,2298.85,3,10,6206.89,Mumbai,Male,UPI
ORD0662,2023-01-27,January,Q1,Running Shoes,Clothing,4373.34,2,10,7872.01,Hyderabad,Male,Debit Card
ORD0663,2023-10-27,October,Q4,Jeans,Clothing,1513.25,2,10,2723.85,Delhi,Female,Debit Card
ORD0664,2023-12-19,December,Q4,Laptop,Electronics,78909.22,5,15,335364.18,Lucknow,Male,UPI
ORD0665,2023-12-18,December,Q4,Smartphone,Electronics,20207.83,4,0,80831.32,Lucknow,Female,Credit Card
ORD0666,2023-02-24,February,Q1,Laptop,Electronics,57443.12,2,20,91908.99,Bangalore,Female,Debit Card
ORD0667,2023-04-09,April,Q2,T-Shirt,Clothing,1183.49,3,15,3017.9,Mumbai,Female,UPI
ORD0668,2023-12-28,December,Q4,Headphones,Electronics,1852.92,1,15,1574.98,Ahmedabad,Female,Net Banking
ORD0669,2023-06-28,June,Q2,Running Shoes,Clothing,2353.99,2,20,3766.38,Kolkata,Female,UPI
ORD0670,2023-02-05,February,Q1,Coffee Beans,Grocery,1405.92,5,5,6678.12,Jaipur,Male,Cash
ORD0671,2023-08-21,August,Q3,Bookshelf,Furniture,5187.38,5,10,23343.21,Mumbai,Female,Debit Card
ORD0672,2023-05-03,May,Q2,Laptop,Electronics,66690.71,3,20,160057.7,Kolkata,Male,Net Banking
ORD0673,2023-03-20,March,Q1,Jeans,Clothing,1216.9,4,20,3894.08,Lucknow,Female,UPI
ORD0674,2023-09-25,September,Q3,Jeans,Clothing,2209.63,1,0,2209.63,Delhi,Male,Debit Card
ORD0675,2023-09-06,September,Q3,Headphones,Electronics,4468.67,2,0,8937.34,Hyderabad,Male,Credit Card
ORD0676,2023-09-27,September,Q3,Coffee Beans,Grocery,1105.93,4,15,3760.16,Lucknow,Female,Credit Card
ORD0677,2023-04-17,April,Q2,T-Shirt,Clothing,497.87,1,0,497.87,Ahmedabad,Male,Cash
ORD0678,2023-12-29,December,Q4,Laptop,Electronics,57632.41,4,10,207476.68,Mumbai,Female,Net Banking
ORD0679,2023-04-21,April,Q2,Laptop,Electronics,70700.51,3,0,212101.53,Jaipur,Male,Credit Card
ORD0680,2023-09-27,September,Q3,Desk Chair,Furniture,7784.95,2,5,14791.4,Hyderabad,Male,Net Banking
ORD0681,2023-07-03,July,Q3,Rice 5kg,Grocery,395.31,1,20,316.25,Ahmedabad,Female,Credit Card
ORD0682,2023-09-16,September,Q3,Headphones,Electronics,4128.34,5,15,17545.44,Kolkata,Male,Net Banking
ORD0683,2023-10-09,October,Q4,Coffee Beans,Grocery,887.31,3,10,2395.74,Kolkata,Female,Cash
ORD0684,2023-05-04,May,Q2,Jeans,Clothing,2617.37,3,20,6281.69,Lucknow,Male,Cash
ORD0685,2023-08-20,August,Q3,Rice 5kg,Grocery,574.15,3,10,1550.2,Ahmedabad,Female,Credit Card
ORD0686,2023-09-23,September,Q3,Laptop,Electronics,79403.48,5,0,397017.4,Bangalore,Female,Credit Card
ORD0687,2023-01-12,January,Q1,Bookshelf,Furniture,5929.77,2,10,10673.59,Chennai,Male,Credit Card
ORD0688,2023-05-16,May,Q2,Laptop,Electronics,61112.94,2,5,116114.59,Kolkata,Male,Debit Card
ORD0689,2023-07-24,July,Q3,Bookshelf,Furniture,5149.83,1,20,4119.86,Lucknow,Male,Credit Card
ORD0690,2023-12-20,December,Q4,T-Shirt,Clothing,1013.41,2,15,1722.8,Lucknow,Male,Net Banking
ORD0691,2023-02-10,February,Q1,Bookshelf,Furniture,1668.17,5,15,7089.72,Mumbai,Female,UPI
ORD0692,2023-12-01,December,Q4,Jeans,Clothing,1715.76,1,5,1629.97,Lucknow,Male,Cash
ORD0693,2023-10-04,October,Q4,Laptop,Electronics,55667.42,1,10,50100.68,Lucknow,Male,UPI
ORD0694,2023-12-11,December,Q4,Rice 5kg,Grocery,494.22,2,0,988.44,Pune,Female,Net Banking
ORD0695,2023-05-29,May,Q2,Coffee Beans,Grocery,955.2,2,15,1623.84,Pune,Male,Debit Card
ORD0696,2023-10-08,October,Q4,T-Shirt,Clothing,373.37,5,0,1866.85,Pune,Female,Credit Card
ORD0697,2023-09-04,September,Q3,Jeans,Clothing,1903.51,2,5,3616.67,Jaipur,Male,Cash
ORD0698,2023-11-12,November,Q4,Jeans,Clothing,2234.6,2,20,3575.36,Jaipur,Male,Debit Card
ORD0699,2023-12-17,December,Q4,Smartphone,Electronics,20786.48,4,10,74831.33,Lucknow,Male,Credit Card
ORD0700,2023-06-14,June,Q2,Jeans,Clothing,1731.21,3,5,4933.95,Kolkata,Male,UPI
ORD0701,2023-11-16,November,Q4,Headphones,Electronics,4948.14,5,15,21029.6,Bangalore,Female,Credit Card
ORD0702,2023-02-13,February,Q1,Desk Chair,Furniture,4797.17,3,5,13671.93,Delhi,Male,Debit Card
ORD0703,2023-06-25,June,Q2,Coffee Beans,Grocery,1419.4,3,0,4258.2,Delhi,Female,Cash
ORD0704,2023-04-19,April,Q2,Running Shoes,Clothing,1602.37,2,20,2563.79,Hyderabad,Female,Net Banking
ORD0705,2023-07-12,July,Q3,Running Shoes,Clothing,4303.69,2,0,8607.38,Lucknow,Male,UPI
ORD0706,2023-05-19,May,Q2,Headphones,Electronics,1052.46,2,20,1683.94,Mumbai,Female,Credit Card
ORD0707,2023-02-25,February,Q1,Smartphone,Electronics,24825.29,3,10,67028.28,Mumbai,Female,Cash
ORD0708,2023-06-11,June,Q2,Desk Chair,Furniture,11818.14,5,0,59090.7,Ahmedabad,Male,Debit Card
ORD0709,2023-12-31,December,Q4,Desk Chair,Furniture,7505.86,4,20,24018.75,Mumbai,Male,Debit Card
ORD0710,2023-03-22,March,Q1,Rice 5kg,Grocery,356.72,4,15,1212.85,Mumbai,Female,UPI
ORD0711,2023-05-22,May,Q2,T-Shirt,Clothing,862.33,2,20,1379.73,Mumbai,Female,Cash
ORD0712,2023-03-19,March,Q1,Laptop,Electronics,78044.78,3,5,222427.62,Kolkata,Female,Debit Card
ORD0713,2023-11-17,November,Q4,Smartphone,Electronics,36086.36,5,20,144345.44,Hyderabad,Female,Debit Card
ORD0714,2023-06-18,June,Q2,Coffee Beans,Grocery,568.02,3,20,1363.25,Ahmedabad,Male,Debit Card
ORD0715,2023-06-08,June,Q2,Headphones,Electronics,3240.33,2,5,6156.63,Jaipur,Male,Cash
ORD0716,2023-06-12,June,Q2,Headphones,Electronics,3556.17,5,5,16891.81,Delhi,Male,Debit Card
ORD0717,2023-06-13,June,Q2,T-Shirt,Clothing,1055.41,2,0,2110.82,Pune,Female,UPI
ORD0718,2023-04-07,April,Q2,Running Shoes,Clothing,4855.24,3,5,13837.43,Delhi,Male,Debit Card
ORD0719,2023-05-17,May,Q2,Laptop,Electronics,71685.66,5,20,286742.64,Lucknow,Male,Net Banking
ORD0720,2023-02-10,February,Q1,Desk Chair,Furniture,5078.21,1,10,4570.39,Ahmedabad,Male,Net Banking
ORD0721,2023-07-18,July,Q3,Coffee Beans,Grocery,915.64,3,5,2609.57,Ahmedabad,Female,Debit Card
ORD0722,2023-01-08,January,Q1,Headphones,Electronics,1611.69,1,15,1369.94,Chennai,Female,Debit Card
ORD0723,2023-08-13,August,Q3,Desk Chair,Furniture,9819.99,1,5,9328.99,Lucknow,Female,UPI
ORD0724,2023-01-22,January,Q1,Running Shoes,Clothing,5494.14,4,15,18680.08,Lucknow,Female,UPI
ORD0725,2023-10-02,October,Q4,Jeans,Clothing,2144.92,5,20,8579.68,Jaipur,Male,Net Banking
ORD0726,2023-09-23,September,Q3,Smartphone,Electronics,26903.12,1,5,25557.96,Jaipur,Female,Credit Card
ORD0727,2023-05-30,May,Q2,Rice 5kg,Grocery,385.59,1,5,366.31,Ahmedabad,Female,UPI
ORD0728,2023-11-10,November,Q4,Bookshelf,Furniture,3576.06,4,10,12873.82,Mumbai,Male,Cash
ORD0729,2023-04-03,April,Q2,Running Shoes,Clothing,1906.98,5,0,9534.9,Lucknow,Male,Cash
ORD0730,2023-08-21,August,Q3,Jeans,Clothing,1510.94,1,5,1435.39,Lucknow,Male,Cash
ORD0731,2023-02-16,February,Q1,Smartphone,Electronics,20252.72,2,0,40505.44,Delhi,Female,UPI
ORD0732,2023-11-10,November,Q4,Smartphone,Electronics,29285.97,4,20,93715.1,Bangalore,Female,Net Banking
ORD0733,2023-10-17,October,Q4,Jeans,Clothing,895.64,2,10,1612.15,Bangalore,Male,Debit Card
ORD0734,2023-06-07,June,Q2,Headphones,Electronics,4030.46,1,15,3425.89,Chennai,Female,UPI
ORD0735,2023-01-02,January,Q1,Headphones,Electronics,1293.73,2,5,2458.09,Lucknow,Female,Credit Card
ORD0736,2023-01-03,January,Q1,Running Shoes,Clothing,3739.32,4,20,11965.82,Lucknow,Female,Debit Card
ORD0737,2023-07-29,July,Q3,Desk Chair,Furniture,8299.76,4,15,28219.18,Ahmedabad,Male,Net Banking
ORD0738,2023-11-14,November,Q4,Coffee Beans,Grocery,407.23,5,10,1832.54,Jaipur,Male,Credit Card
ORD0739,2023-03-16,March,Q1,Headphones,Electronics,1422.68,3,0,4268.04,Mumbai,Female,UPI
ORD0740,2023-03-24,March,Q1,Smartphone,Electronics,13618.03,4,5,51748.51,Chennai,Male,Cash
ORD0741,2023-06-03,June,Q2,Coffee Beans,Grocery,796.21,1,0,796.21,Kolkata,Female,Cash
ORD0742,2023-05-30,May,Q2,Smartphone,Electronics,37028.59,5,0,185142.95,Ahmedabad,Male,Credit Card
ORD0743,2023-04-18,April,Q2,Bookshelf,Furniture,2981.44,4,20,9540.61,Hyderabad,Male,Credit Card
ORD0744,2023-09-05,September,Q3,Coffee Beans,Grocery,1202.7,5,0,6013.5,Lucknow,Female,Cash
ORD0745,2023-10-22,October,Q4,Coffee Beans,Grocery,1332.58,3,20,3198.19,Lucknow,Female,Debit Card
ORD0746,2023-09-10,September,Q3,Coffee Beans,Grocery,1018.9,5,15,4330.32,Bangalore,Male,UPI
ORD0747,2023-11-17,November,Q4,Desk Chair,Furniture,3014.23,1,15,2562.1,Delhi,Male,Net Banking
ORD0748,2023-10-14,October,Q4,Jeans,Clothing,1710.3,3,10,4617.81,Hyderabad,Male,Debit Card
ORD0749,2023-06-03,June,Q2,Bookshelf,Furniture,2644.88,1,10,2380.39,Jaipur,Female,Credit Card
ORD0750,2023-10-19,October,Q4,Smartphone,Electronics,34632.58,3,15,88313.08,Lucknow,Male,Debit Card
ORD0751,2023-08-31,August,Q3,Desk Chair,Furniture,5974.63,3,15,15235.31,Mumbai,Male,Cash
ORD0752,2023-08-25,August,Q3,Headphones,Electronics,3434.24,5,10,15454.08,Pune,Male,Net Banking
ORD0753,2023-10-02,October,Q4,Bookshelf,Furniture,4042.24,3,20,9701.38,Mumbai,Male,Net Banking
ORD0754,2023-03-18,March,Q1,T-Shirt,Clothing,1019.38,3,0,3058.14,Chennai,Male,UPI
ORD0755,2023-11-07,November,Q4,Jeans,Clothing,2177.95,2,20,3484.72,Pune,Male,Net Banking
ORD0756,2023-12-30,December,Q4,Smartphone,Electronics,40531.59,3,10,109435.29,Mumbai,Female,Cash
ORD0757,2023-08-20,August,Q3,Smartphone,Electronics,28402.8,2,10,51125.04,Chennai,Male,Net Banking
ORD0758,2023-04-14,April,Q2,Bookshelf,Furniture,2287.56,3,0,6862.68,Delhi,Female,Net Banking
ORD0759,2023-04-08,April,Q2,Laptop,Electronics,72965.88,5,5,346587.93,Kolkata,Female,Net Banking
ORD0760,2023-09-22,September,Q3,Bookshelf,Furniture,4989.9,2,0,9979.8,Bangalore,Male,Credit Card
ORD0761,2023-01-03,January,Q1,Running Shoes,Clothing,3244.15,5,0,16220.75,Chennai,Male,Net Banking
ORD0762,2023-09-24,September,Q3,Smartphone,Electronics,22998.56,1,0,22998.56,Chennai,Male,Net Banking
ORD0763,2023-04-13,April,Q2,Bookshelf,Furniture,4374.83,2,10,7874.69,Hyderabad,Female,UPI
ORD0764,2023-05-20,May,Q2,Rice 5kg,Grocery,361.7,4,0,1446.8,Bangalore,Male,UPI
ORD0765,2023-09-21,September,Q3,Smartphone,Electronics,12503.47,5,20,50013.88,Delhi,Male,Net Banking
ORD0766,2023-12-27,December,Q4,T-Shirt,Clothing,793.98,3,5,2262.84,Chennai,Male,Debit Card
ORD0767,2023-08-16,August,Q3,Smartphone,Electronics,22275.46,3,20,53461.1,Mumbai,Male,Credit Card
ORD0768,2023-07-16,July,Q3,Running Shoes,Clothing,5564.82,1,0,5564.82,Mumbai,Male,Cash
ORD0769,2023-11-19,November,Q4,Jeans,Clothing,1192.94,5,20,4771.76,Ahmedabad,Female,UPI
ORD0770,2023-08-27,August,Q3,T-Shirt,Clothing,1035.52,5,0,5177.6,Lucknow,Male,Credit Card
ORD0771,2023-08-29,August,Q3,Running Shoes,Clothing,1937.68,3,15,4941.08,Hyderabad,Male,Debit Card
ORD0772,2023-04-04,April,Q2,Coffee Beans,Grocery,683.86,3,15,1743.84,Kolkata,Female,Cash
ORD0773,2023-06-29,June,Q2,Running Shoes,Clothing,1636.19,4,0,6544.76,Ahmedabad,Female,Debit Card
ORD0774,2023-03-07,March,Q1,Bookshelf,Furniture,4955.74,5,20,19822.96,Jaipur,Male,Cash
ORD0775,2023-09-30,September,Q3,Smartphone,Electronics,22753.7,1,10,20478.33,Ahmedabad,Female,Net Banking
ORD0776,2023-03-23,March,Q1,Jeans,Clothing,1324.1,2,20,2118.56,Ahmedabad,Female,Credit Card
ORD0777,2023-08-11,August,Q3,T-Shirt,Clothing,486.62,5,15,2068.13,Lucknow,Female,Net Banking
ORD0778,2023-09-07,September,Q3,Desk Chair,Furniture,4557.77,1,20,3646.22,Delhi,Female,UPI
ORD0779,2023-06-07,June,Q2,Rice 5kg,Grocery,284.18,4,5,1079.88,Pune,Male,Net Banking
ORD0780,2023-06-17,June,Q2,Smartphone,Electronics,34621.79,5,15,147142.61,Ahmedabad,Male,Credit Card
ORD0781,2023-03-17,March,Q1,Desk Chair,Furniture,10353.3,5,0,51766.5,Bangalore,Female,Net Banking
ORD0782,2023-04-11,April,Q2,Bookshelf,Furniture,3254.92,5,15,13833.41,Hyderabad,Female,UPI
ORD0783,2023-06-26,June,Q2,Coffee Beans,Grocery,1273.78,3,15,3248.14,Delhi,Male,Net Banking
ORD0784,2023-02-01,February,Q1,Rice 5kg,Grocery,391.47,2,10,704.65,Kolkata,Male,Credit Card
ORD0785,2023-05-25,May,Q2,Rice 5kg,Grocery,537.26,3,0,1611.78,Mumbai,Male,Cash
ORD0786,2023-07-27,July,Q3,Coffee Beans,Grocery,833.7,3,15,2125.94,Pune,Female,Net Banking
ORD0787,2023-04-07,April,Q2,Desk Chair,Furniture,8962.39,4,5,34057.08,Jaipur,Female,UPI
ORD0788,2023-01-06,January,Q1,Jeans,Clothing,1138.54,2,5,2163.23,Delhi,Male,Debit Card
ORD0789,2023-03-12,March,Q1,Running Shoes,Clothing,4460.67,2,0,8921.34,Pune,Female,Net Banking
ORD0790,2023-08-06,August,Q3,Jeans,Clothing,2170.77,4,20,6946.46,Jaipur,Female,Cash
ORD0791,2023-01-04,January,Q1,T-Shirt,Clothing,502.39,4,20,1607.65,Lucknow,Female,Debit Card
ORD0792,2023-07-07,July,Q3,Rice 5kg,Grocery,344.24,5,20,1376.96,Mumbai,Male,Net Banking
ORD0793,2023-09-04,September,Q3,Running Shoes,Clothing,4671.97,1,20,3737.58,Delhi,Male,Net Banking
ORD0794,2023-11-09,November,Q4,Bookshelf,Furniture,3592.21,1,20,2873.77,Delhi,Male,Cash
ORD0795,2023-06-09,June,Q2,Smartphone,Electronics,34574.44,5,20,138297.76,Lucknow,Male,UPI
ORD0796,2023-09-20,September,Q3,Rice 5kg,Grocery,522.48,4,15,1776.43,Ahmedabad,Female,Cash
ORD0797,2023-03-27,March,Q1,T-Shirt,Clothing,1164.48,3,10,3144.1,Mumbai,Female,Net Banking
ORD0798,2023-03-28,March,Q1,Bookshelf,Furniture,1776.38,4,20,5684.42,Lucknow,Male,UPI
ORD0799,2023-03-06,March,Q1,Coffee Beans,Grocery,430.03,4,0,1720.12,Jaipur,Male,UPI
ORD0800,2023-05-12,May,Q2,Bookshelf,Furniture,2096.42,3,10,5660.33,Mumbai,Male,Net Banking
ORD0801,2023-07-09,July,Q3,Headphones,Electronics,4622.55,2,15,7858.34,Bangalore,Female,Debit Card
ORD0802,2023-06-25,June,Q2,Running Shoes,Clothing,2313.64,5,0,11568.2,Delhi,Male,Net Banking
ORD0803,2023-05-02,May,Q2,Headphones,Electronics,4317.98,4,15,14681.13,Ahmedabad,Male,Debit Card
ORD0804,2023-11-25,November,Q4,Coffee Beans,Grocery,1207.8,3,0,3623.4,Chennai,Male,Credit Card
ORD0805,2023-09-01,September,Q3,Headphones,Electronics,2748.86,4,10,9895.9,Jaipur,Male,Cash
ORD0806,2023-08-11,August,Q3,Jeans,Clothing,1843.57,2,20,2949.71,Mumbai,Female,Cash
ORD0807,2023-02-19,February,Q1,Jeans,Clothing,2292.36,5,0,11461.8,Jaipur,Female,Cash
ORD0808,2023-05-19,May,Q2,Coffee Beans,Grocery,1409.85,3,10,3806.59,Chennai,Male,UPI
ORD0809,2023-04-10,April,Q2,Coffee Beans,Grocery,830.27,2,20,1328.43,Jaipur,Female,Debit Card
ORD0810,2023-01-07,January,Q1,T-Shirt,Clothing,792.4,1,0,792.4,Pune,Male,Net Banking
ORD0811,2023-05-26,May,Q2,Smartphone,Electronics,34621.49,3,5,98671.25,Chennai,Male,Credit Card
ORD0812,2023-12-03,December,Q4,Laptop,Electronics,66678.9,1,20,53343.12,Hyderabad,Male,Credit Card
ORD0813,2023-12-03,December,Q4,Smartphone,Electronics,40262.55,2,15,68446.34,Lucknow,Male,Credit Card
ORD0814,2023-11-24,November,Q4,Headphones,Electronics,1864.01,4,0,7456.04,Ahmedabad,Female,Cash
ORD0815,2023-02-01,February,Q1,T-Shirt,Clothing,530.86,1,10,477.77,Pune,Female,UPI
ORD0816,2023-08-14,August,Q3,Laptop,Electronics,54038.35,3,5,154009.3,Delhi,Female,Debit Card
ORD0817,2023-03-15,March,Q1,Coffee Beans,Grocery,831.9,4,0,3327.6,Jaipur,Female,Debit Card
ORD0818,2023-02-22,February,Q1,Coffee Beans,Grocery,1107.67,4,10,3987.61,Mumbai,Male,Credit Card
ORD0819,2023-09-12,September,Q3,Coffee Beans,Grocery,1200.3,4,0,4801.2,Bangalore,Male,Credit Card
ORD0820,2023-10-22,October,Q4,Jeans,Clothing,1385.43,3,15,3532.85,Mumbai,Female,Cash
ORD0821,2023-04-26,April,Q2,Jeans,Clothing,1688.01,1,20,1350.41,Mumbai,Female,Cash
ORD0822,2023-12-16,December,Q4,Smartphone,Electronics,30719.05,3,10,82941.43,Chennai,Female,Credit Card
ORD0823,2023-08-24,August,Q3,Smartphone,Electronics,24056.73,3,0,72170.19,Chennai,Male,Debit Card
ORD0824,2023-06-03,June,Q2,Rice 5kg,Grocery,263.77,4,5,1002.33,Pune,Male,UPI
ORD0825,2023-03-13,March,Q1,Running Shoes,Clothing,1881.88,4,5,7151.14,Mumbai,Male,Credit Card
ORD0826,2023-10-04,October,Q4,Coffee Beans,Grocery,662.33,4,0,2649.32,Chennai,Female,Net Banking
ORD0827,2023-06-23,June,Q2,Running Shoes,Clothing,5849.58,1,0,5849.58,Mumbai,Female,Credit Card
ORD0828,2023-12-14,December,Q4,Jeans,Clothing,1059.13,5,15,4501.3,Jaipur,Male,Net Banking
ORD0829,2023-09-08,September,Q3,Desk Chair,Furniture,11323.34,1,5,10757.17,Mumbai,Female,Net Banking
ORD0830,2023-03-30,March,Q1,Laptop,Electronics,53493.89,2,0,106987.78,Mumbai,Female,Credit Card
ORD0831,2023-02-24,February,Q1,Running Shoes,Clothing,4250.52,5,0,21252.6,Delhi,Female,Net Banking
ORD0832,2023-06-22,June,Q2,Coffee Beans,Grocery,642.63,2,15,1092.47,Pune,Female,Credit Card
ORD0833,2023-01-24,January,Q1,Coffee Beans,Grocery,1000.47,3,5,2851.34,Lucknow,Male,UPI
ORD0834,2023-03-28,March,Q1,Smartphone,Electronics,15984.6,2,15,27173.82,Kolkata,Male,Cash
ORD0835,2023-02-21,February,Q1,Desk Chair,Furniture,11331.08,1,5,10764.53,Lucknow,Female,Debit Card
ORD0836,2023-01-04,January,Q1,Laptop,Electronics,75786.94,1,0,75786.94,Bangalore,Male,Net Banking
ORD0837,2023-04-16,April,Q2,Bookshelf,Furniture,3373.0,4,5,12817.4,Bangalore,Female,Net Banking
ORD0838,2023-12-21,December,Q4,Running Shoes,Clothing,3354.14,2,20,5366.62,Mumbai,Male,Cash
ORD0839,2023-08-03,August,Q3,Coffee Beans,Grocery,1445.33,3,10,3902.39,Mumbai,Male,Debit Card
ORD0840,2023-07-05,July,Q3,Smartphone,Electronics,44557.92,1,20,35646.34,Jaipur,Male,Cash
ORD0841,2023-03-18,March,Q1,Desk Chair,Furniture,5487.84,2,0,10975.68,Ahmedabad,Female,Debit Card
ORD0842,2023-11-27,November,Q4,Headphones,Electronics,3614.6,1,0,3614.6,Kolkata,Female,Debit Card
ORD0843,2023-01-23,January,Q1,Jeans,Clothing,1352.29,5,15,5747.23,Delhi,Male,Net Banking
ORD0844,2023-09-21,September,Q3,Headphones,Electronics,1463.79,1,15,1244.22,Delhi,Male,Debit Card
ORD0845,2023-04-12,April,Q2,Running Shoes,Clothing,4167.18,3,15,10626.31,Kolkata,Male,Credit Card
ORD0846,2023-04-13,April,Q2,T-Shirt,Clothing,504.23,2,15,857.19,Pune,Male,Credit Card
ORD0847,2023-03-16,March,Q1,Running Shoes,Clothing,4132.92,1,15,3512.98,Hyderabad,Female,Debit Card
ORD0848,2023-11-20,November,Q4,Jeans,Clothing,1621.04,4,5,6159.95,Kolkata,Female,Debit Card
ORD0849,2023-05-24,May,Q2,T-Shirt,Clothing,413.62,5,0,2068.1,Bangalore,Male,Cash
ORD0850,2023-06-01,June,Q2,Running Shoes,Clothing,3382.01,3,5,9638.73,Lucknow,Male,Net Banking
ORD0851,2023-02-14,February,Q1,Headphones,Electronics,3228.11,5,5,15333.52,Pune,Female,Debit Card
ORD0852,2023-01-08,January,Q1,Coffee Beans,Grocery,920.84,4,10,3315.02,Pune,Male,Debit Card
ORD0853,2023-03-18,March,Q1,T-Shirt,Clothing,690.26,2,20,1104.42,Lucknow,Male,Cash
ORD0854,2023-01-18,January,Q1,Laptop,Electronics,46402.05,4,20,148486.56,Pune,Female,Cash
ORD0855,2023-10-13,October,Q4,Smartphone,Electronics,26930.57,2,0,53861.14,Mumbai,Female,Debit Card
ORD0856,2023-01-09,January,Q1,Headphones,Electronics,2305.3,2,0,4610.6,Ahmedabad,Female,Debit Card
ORD0857,2023-08-21,August,Q3,Running Shoes,Clothing,5360.65,5,0,26803.25,Ahmedabad,Male,Cash
ORD0858,2023-12-27,December,Q4,Headphones,Electronics,4117.41,3,15,10499.4,Mumbai,Male,Cash
ORD0859,2023-05-19,May,Q2,T-Shirt,Clothing,777.36,3,15,1982.27,Lucknow,Male,Credit Card
ORD0860,2023-12-12,December,Q4,Coffee Beans,Grocery,1368.93,1,20,1095.14,Kolkata,Male,Credit Card
ORD0861,2023-07-07,July,Q3,Jeans,Clothing,1603.67,5,0,8018.35,Kolkata,Male,Net Banking
ORD0862,2023-06-21,June,Q2,Smartphone,Electronics,30505.02,2,5,57959.54,Hyderabad,Male,Cash
ORD0863,2023-06-14,June,Q2,Coffee Beans,Grocery,1358.24,2,5,2580.66,Kolkata,Female,Net Banking
ORD0864,2023-06-26,June,Q2,Jeans,Clothing,1409.0,1,10,1268.1,Ahmedabad,Female,Net Banking
ORD0865,2023-12-14,December,Q4,Rice 5kg,Grocery,540.35,4,20,1729.12,Jaipur,Female,Cash
ORD0866,2023-08-23,August,Q3,Coffee Beans,Grocery,804.96,1,5,764.71,Delhi,Male,Cash
ORD0867,2023-03-26,March,Q1,Headphones,Electronics,2011.17,1,0,2011.17,Chennai,Male,Debit Card
ORD0868,2023-11-18,November,Q4,Running Shoes,Clothing,2177.24,2,20,3483.58,Mumbai,Female,Cash
ORD0869,2023-08-04,August,Q3,Rice 5kg,Grocery,576.1,4,10,2073.96,Ahmedabad,Male,UPI
ORD0870,2023-11-27,November,Q4,Desk Chair,Furniture,3566.55,2,20,5706.48,Kolkata,Female,Net Banking
ORD0871,2023-10-31,October,Q4,T-Shirt,Clothing,889.84,3,15,2269.09,Jaipur,Female,Cash
ORD0872,2023-05-14,May,Q2,Bookshelf,Furniture,4052.63,3,5,11550.0,Hyderabad,Female,UPI
ORD0873,2023-06-30,June,Q2,Bookshelf,Furniture,4963.87,1,5,4715.68,Chennai,Female,Debit Card
ORD0874,2023-04-04,April,Q2,Coffee Beans,Grocery,1416.54,5,10,6374.43,Bangalore,Male,Debit Card
ORD0875,2023-03-06,March,Q1,Desk Chair,Furniture,4052.26,3,20,9725.42,Ahmedabad,Female,UPI
ORD0876,2023-06-26,June,Q2,Headphones,Electronics,1661.65,1,10,1495.49,Bangalore,Female,Cash
ORD0877,2023-03-04,March,Q1,Rice 5kg,Grocery,591.41,5,10,2661.34,Mumbai,Female,Cash
ORD0878,2023-01-03,January,Q1,Headphones,Electronics,4780.71,3,5,13625.02,Jaipur,Female,UPI
ORD0879,2023-10-17,October,Q4,Running Shoes,Clothing,5531.9,5,5,26276.52,Ahmedabad,Female,Credit Card
ORD0880,2023-03-01,March,Q1,Running Shoes,Clothing,5550.79,2,20,8881.26,Chennai,Male,Cash
ORD0881,2023-02-17,February,Q1,Coffee Beans,Grocery,1324.96,4,10,4769.86,Kolkata,Male,Net Banking
ORD0882,2023-04-11,April,Q2,Desk Chair,Furniture,8250.88,2,10,14851.58,Mumbai,Male,Net Banking
ORD0883,2023-07-21,July,Q3,Running Shoes,Clothing,4546.79,1,20,3637.43,Hyderabad,Female,UPI
ORD0884,2023-07-23,July,Q3,Coffee Beans,Grocery,1065.59,1,10,959.03,Bangalore,Female,UPI
ORD0885,2023-06-29,June,Q2,Jeans,Clothing,1619.6,3,10,4372.92,Chennai,Female,Net Banking
ORD0886,2023-08-15,August,Q3,Smartphone,Electronics,19117.94,4,15,65001.0,Chennai,Male,Cash
ORD0887,2023-02-14,February,Q1,Jeans,Clothing,1106.19,5,20,4424.76,Bangalore,Male,UPI
ORD0888,2023-02-03,February,Q1,Running Shoes,Clothing,5947.72,5,10,26764.74,Lucknow,Female,Credit Card
ORD0889,2023-03-31,March,Q1,Laptop,Electronics,59331.12,3,15,151294.36,Jaipur,Female,Net Banking
ORD0890,2023-10-11,October,Q4,Headphones,Electronics,1636.88,4,10,5892.77,Ahmedabad,Male,UPI
ORD0891,2023-04-25,April,Q2,Coffee Beans,Grocery,734.31,5,15,3120.82,Mumbai,Male,Debit Card
ORD0892,2023-12-01,December,Q4,Bookshelf,Furniture,2850.76,4,0,11403.04,Chennai,Female,Debit Card
ORD0893,2023-03-03,March,Q1,Running Shoes,Clothing,5580.57,2,0,11161.14,Chennai,Female,Credit Card
ORD0894,2023-10-17,October,Q4,Coffee Beans,Grocery,1220.12,5,15,5185.51,Pune,Female,Cash
ORD0895,2023-05-13,May,Q2,Smartphone,Electronics,24315.67,5,0,121578.35,Bangalore,Male,Debit Card
ORD0896,2023-03-25,March,Q1,T-Shirt,Clothing,714.4,2,10,1285.92,Mumbai,Female,UPI
ORD0897,2023-05-29,May,Q2,Jeans,Clothing,2199.38,3,0,6598.14,Chennai,Male,Net Banking
ORD0898,2023-11-03,November,Q4,Desk Chair,Furniture,9897.98,2,0,19795.96,Bangalore,Female,UPI
ORD0899,2023-10-01,October,Q4,Bookshelf,Furniture,2721.57,3,0,8164.71,Lucknow,Female,Debit Card
ORD0900,2023-09-06,September,Q3,Laptop,Electronics,49793.23,3,10,134441.72,Pune,Female,Debit Card
ORD0901,2023-04-07,April,Q2,Smartphone,Electronics,19189.91,5,5,91152.07,Jaipur,Male,Cash
ORD0902,2023-01-09,January,Q1,Running Shoes,Clothing,5622.14,1,5,5341.03,Ahmedabad,Female,UPI
ORD0903,2023-09-25,September,Q3,T-Shirt,Clothing,424.25,4,20,1357.6,Kolkata,Male,UPI
ORD0904,2023-03-07,March,Q1,Laptop,Electronics,71056.11,1,5,67503.3,Bangalore,Male,UPI
ORD0905,2023-12-20,December,Q4,Headphones,Electronics,1681.33,1,15,1429.13,Delhi,Male,Credit Card
ORD0906,2023-02-25,February,Q1,Running Shoes,Clothing,4908.0,1,5,4662.6,Mumbai,Male,Cash
ORD0907,2023-06-04,June,Q2,Smartphone,Electronics,41981.47,1,0,41981.47,Mumbai,Male,Credit Card
ORD0908,2023-12-10,December,Q4,Coffee Beans,Grocery,625.94,2,5,1189.29,Kolkata,Male,Credit Card
ORD0909,2023-06-28,June,Q2,Headphones,Electronics,4352.62,3,20,10446.29,Kolkata,Male,Net Banking
ORD0910,2023-02-20,February,Q1,Coffee Beans,Grocery,666.0,5,0,3330.0,Lucknow,Male,Net Banking
ORD0911,2023-10-03,October,Q4,Desk Chair,Furniture,9442.3,3,5,26910.55,Mumbai,Male,Debit Card
ORD0912,2023-12-24,December,Q4,Rice 5kg,Grocery,547.95,4,10,1972.62,Lucknow,Male,Cash
ORD0913,2023-08-06,August,Q3,Smartphone,Electronics,17968.0,3,15,45818.4,Hyderabad,Male,Cash
ORD0914,2023-08-27,August,Q3,Smartphone,Electronics,37126.51,3,0,111379.53,Delhi,Male,Cash
ORD0915,2023-02-12,February,Q1,T-Shirt,Clothing,933.96,5,0,4669.8,Kolkata,Female,Credit Card
ORD0916,2023-12-18,December,Q4,Jeans,Clothing,1423.23,5,10,6404.53,Ahmedabad,Male,Net Banking
ORD0917,2023-02-05,February,Q1,Jeans,Clothing,1438.59,4,5,5466.64,Ahmedabad,Female,Debit Card
ORD0918,2023-07-22,July,Q3,Laptop,Electronics,79955.32,4,0,319821.28,Ahmedabad,Male,Credit Card
ORD0919,2023-03-28,March,Q1,Headphones,Electronics,2458.21,5,0,12291.05,Delhi,Female,Debit Card
ORD0920,2023-04-30,April,Q2,T-Shirt,Clothing,479.44,4,0,1917.76,Pune,Female,UPI
ORD0921,2023-09-01,September,Q3,Coffee Beans,Grocery,1053.01,4,10,3790.84,Lucknow,Female,Cash
ORD0922,2023-03-04,March,Q1,Rice 5kg,Grocery,347.61,4,0,1390.44,Chennai,Female,Cash
ORD0923,2023-02-20,February,Q1,Desk Chair,Furniture,8655.34,2,0,17310.68,Mumbai,Male,Cash
ORD0924,2023-12-14,December,Q4,Laptop,Electronics,79022.54,4,20,252872.13,Kolkata,Male,UPI
ORD0925,2023-09-10,September,Q3,Coffee Beans,Grocery,1085.56,1,20,868.45,Ahmedabad,Male,UPI
ORD0926,2023-06-25,June,Q2,Running Shoes,Clothing,3706.13,3,20,8894.71,Jaipur,Male,Credit Card
ORD0927,2023-08-19,August,Q3,Jeans,Clothing,2736.16,1,15,2325.74,Kolkata,Female,Cash
ORD0928,2023-12-04,December,Q4,Running Shoes,Clothing,1661.92,2,20,2659.07,Chennai,Male,Cash
ORD0929,2023-02-26,February,Q1,Jeans,Clothing,1095.01,4,15,3723.03,Lucknow,Female,Net Banking
ORD0930,2023-03-22,March,Q1,Rice 5kg,Grocery,450.27,4,20,1440.86,Jaipur,Male,Cash
ORD0931,2023-12-13,December,Q4,Bookshelf,Furniture,3726.11,4,20,11923.55,Kolkata,Female,UPI
ORD0932,2023-07-07,July,Q3,Laptop,Electronics,45985.14,1,5,43685.88,Kolkata,Male,UPI
ORD0933,2023-07-30,July,Q3,Jeans,Clothing,1013.27,3,10,2735.83,Kolkata,Male,Debit Card
ORD0934,2023-02-13,February,Q1,Desk Chair,Furniture,5111.6,3,20,12267.84,Delhi,Female,Credit Card
ORD0935,2023-01-20,January,Q1,T-Shirt,Clothing,451.97,5,10,2033.87,Ahmedabad,Female,Net Banking
ORD0936,2023-12-23,December,Q4,Rice 5kg,Grocery,565.49,3,0,1696.47,Ahmedabad,Male,UPI
ORD0937,2023-02-20,February,Q1,Jeans,Clothing,2054.35,3,20,4930.44,Ahmedabad,Male,Debit Card
ORD0938,2023-11-11,November,Q4,T-Shirt,Clothing,746.55,3,5,2127.67,Chennai,Female,Cash
ORD0939,2023-04-20,April,Q2,Desk Chair,Furniture,7472.57,1,20,5978.06,Chennai,Female,Credit Card
ORD0940,2023-11-16,November,Q4,Bookshelf,Furniture,5983.02,4,5,22735.48,Delhi,Male,Net Banking
ORD0941,2023-09-01,September,Q3,T-Shirt,Clothing,545.3,5,20,2181.2,Pune,Male,UPI
ORD0942,2023-06-03,June,Q2,Smartphone,Electronics,33500.71,3,20,80401.7,Pune,Female,Debit Card
ORD0943,2023-08-21,August,Q3,Jeans,Clothing,1684.46,5,20,6737.84,Jaipur,Male,Credit Card
ORD0944,2023-04-20,April,Q2,Rice 5kg,Grocery,551.95,5,15,2345.79,Ahmedabad,Female,Net Banking
ORD0945,2023-11-17,November,Q4,Coffee Beans,Grocery,1338.05,4,20,4281.76,Mumbai,Male,UPI
ORD0946,2023-08-11,August,Q3,Running Shoes,Clothing,2164.85,2,10,3896.73,Pune,Female,Credit Card
ORD0947,2023-11-27,November,Q4,Desk Chair,Furniture,10613.7,3,10,28656.99,Bangalore,Female,Net Banking
ORD0948,2023-04-09,April,Q2,Desk Chair,Furniture,6652.79,1,5,6320.15,Mumbai,Male,UPI
ORD0949,2023-11-28,November,Q4,Running Shoes,Clothing,3684.22,4,15,12526.35,Mumbai,Male,Debit Card
ORD0950,2023-12-04,December,Q4,Bookshelf,Furniture,2113.94,3,10,5707.64,Jaipur,Male,Credit Card
ORD0951,2023-06-10,June,Q2,Running Shoes,Clothing,5020.05,1,0,5020.05,Lucknow,Female,Credit Card
ORD0952,2023-03-13,March,Q1,Jeans,Clothing,2772.8,1,15,2356.88,Hyderabad,Male,Net Banking
ORD0953,2023-09-26,September,Q3,Rice 5kg,Grocery,576.53,5,20,2306.12,Chennai,Female,Credit Card
ORD0954,2023-10-27,October,Q4,Desk Chair,Furniture,8398.39,3,10,22675.65,Pune,Male,Cash
ORD0955,2023-05-21,May,Q2,Desk Chair,Furniture,4298.5,2,5,8167.15,Ahmedabad,Female,UPI
ORD0956,2023-12-25,December,Q4,Coffee Beans,Grocery,461.52,5,10,2076.84,Delhi,Female,Net Banking
ORD0957,2023-03-16,March,Q1,Jeans,Clothing,1844.15,2,10,3319.47,Kolkata,Female,UPI
ORD0958,2023-12-06,December,Q4,Bookshelf,Furniture,1594.83,5,0,7974.15,Mumbai,Male,UPI
ORD0959,2023-10-01,October,Q4,Rice 5kg,Grocery,384.64,3,0,1153.92,Hyderabad,Female,Cash
ORD0960,2023-06-04,June,Q2,Laptop,Electronics,76842.62,4,10,276633.43,Delhi,Male,UPI
ORD0961,2023-11-20,November,Q4,Desk Chair,Furniture,10734.75,2,15,18249.08,Kolkata,Female,Credit Card
ORD0962,2023-07-31,July,Q3,Bookshelf,Furniture,5399.0,4,15,18356.6,Kolkata,Female,Credit Card
ORD0963,2023-06-30,June,Q2,Headphones,Electronics,3733.63,5,0,18668.15,Pune,Female,Cash
ORD0964,2023-11-25,November,Q4,Laptop,Electronics,71669.14,2,15,121837.54,Bangalore,Male,Cash
ORD0965,2023-02-12,February,Q1,Desk Chair,Furniture,8654.67,3,20,20771.21,Delhi,Male,Debit Card
ORD0966,2023-12-18,December,Q4,Rice 5kg,Grocery,499.75,2,20,799.6,Pune,Female,Cash
ORD0967,2023-03-30,March,Q1,Running Shoes,Clothing,5430.78,2,10,9775.4,Lucknow,Female,UPI
ORD0968,2023-07-21,July,Q3,Desk Chair,Furniture,3759.59,3,5,10714.83,Pune,Male,Credit Card
ORD0969,2023-02-15,February,Q1,Laptop,Electronics,77308.93,5,5,367217.42,Ahmedabad,Male,UPI
ORD0970,2023-11-04,November,Q4,Headphones,Electronics,1009.09,5,15,4288.63,Chennai,Male,Credit Card
ORD0971,2023-01-08,January,Q1,T-Shirt,Clothing,452.28,5,0,2261.4,Jaipur,Female,Cash
ORD0972,2023-05-17,May,Q2,Running Shoes,Clothing,2033.31,2,5,3863.29,Chennai,Female,Cash
ORD0973,2023-04-21,April,Q2,Headphones,Electronics,2611.5,2,20,4178.4,Chennai,Male,Cash
ORD0974,2023-05-29,May,Q2,Headphones,Electronics,2515.8,2,0,5031.6,Chennai,Male,Net Banking
ORD0975,2023-12-17,December,Q4,Running Shoes,Clothing,5582.98,3,20,13399.15,Ahmedabad,Male,Credit Card
ORD0976,2023-12-18,December,Q4,Running Shoes,Clothing,2099.42,3,15,5353.52,Hyderabad,Female,Cash
ORD0977,2023-01-31,January,Q1,Coffee Beans,Grocery,681.85,1,20,545.48,Mumbai,Female,Debit Card
ORD0978,2023-12-30,December,Q4,Running Shoes,Clothing,5587.02,5,20,22348.08,Mumbai,Male,UPI
ORD0979,2023-12-10,December,Q4,Rice 5kg,Grocery,466.88,3,15,1190.54,Kolkata,Male,Net Banking
ORD0980,2023-09-15,September,Q3,Laptop,Electronics,65317.04,3,5,186153.56,Ahmedabad,Female,Cash
ORD0981,2023-03-14,March,Q1,Headphones,Electronics,1176.52,5,15,5000.21,Chennai,Male,UPI
ORD0982,2023-07-04,July,Q3,Laptop,Electronics,79248.08,4,10,285293.09,Pune,Female,UPI
ORD0983,2023-06-10,June,Q2,Coffee Beans,Grocery,1312.55,3,20,3150.12,Pune,Male,UPI
ORD0984,2023-12-03,December,Q4,Running Shoes,Clothing,4936.54,2,20,7898.46,Ahmedabad,Male,Debit Card
ORD0985,2023-08-29,August,Q3,Headphones,Electronics,1029.18,2,0,2058.36,Chennai,Male,Cash
ORD0986,2023-08-15,August,Q3,Jeans,Clothing,1054.37,4,0,4217.48,Kolkata,Female,Cash
ORD0987,2023-06-28,June,Q2,Running Shoes,Clothing,2006.21,2,0,4012.42,Delhi,Male,UPI
ORD0988,2023-10-16,October,Q4,Headphones,Electronics,4306.81,5,10,19380.65,Lucknow,Male,Net Banking
ORD0989,2023-08-02,August,Q3,Laptop,Electronics,63410.54,5,5,301200.07,Delhi,Male,Cash
ORD0990,2023-12-15,December,Q4,Smartphone,Electronics,41283.13,1,10,37154.82,Delhi,Female,UPI
ORD0991,2023-03-20,March,Q1,Coffee Beans,Grocery,1422.06,1,10,1279.85,Mumbai,Male,Cash
ORD0992,2023-12-03,December,Q4,Running Shoes,Clothing,3543.25,3,20,8503.8,Mumbai,Female,Credit Card
ORD0993,2023-03-08,March,Q1,Coffee Beans,Grocery,1445.99,3,20,3470.38,Hyderabad,Male,UPI
ORD0994,2023-11-05,November,Q4,T-Shirt,Clothing,1018.13,1,20,814.5,Pune,Male,Cash
ORD0995,2023-01-11,January,Q1,Bookshelf,Furniture,2301.05,4,0,9204.2,Hyderabad,Male,Cash
ORD0996,2023-06-02,June,Q2,Jeans,Clothing,1426.14,2,0,2852.28,Ahmedabad,Female,UPI
ORD0997,2023-09-20,September,Q3,Coffee Beans,Grocery,544.42,1,10,489.98,Hyderabad,Female,Cash
ORD0998,2023-08-05,August,Q3,Jeans,Clothing,1847.64,5,20,7390.56,Delhi,Female,UPI
ORD0999,2023-01-21,January,Q1,Coffee Beans,Grocery,604.99,4,0,2419.96,Jaipur,Female,Cash
ORD1000,2023-09-27,September,Q3,Desk Chair,Furniture,8828.5,2,15,15008.45,Jaipur,Male,UPI
